year,investor,technology,requested_mw,accepted_mw,score_gbp_per_mw,expected_energy_margin_gbp_per_mw,commission_year,design,seed
2026,gas-a,gas,1250.0,1250.0,53199319.0908154,5782459.114420261,2028,energy_only,101
2026,peaker-a,peaker,1600.0,1600.0,72114340.16761075,9702704.736312428,2027,energy_only,101
2026,solar-a,solar,2000.0,2000.0,4139970.9537525065,449072.5852935717,2027,energy_only,101
2026,wind-a,wind,1250.0,1250.0,20378639.394106265,1922803.9334846355,2028,energy_only,101
2026,wind-b,wind,500.0,500.0,50531847.66896101,7916693.3715634905,2028,energy_only,101
2027,gas-a,gas,1250.0,1250.0,68508809.26712698,7412888.899088648,2029,energy_only,101
2027,peaker-a,peaker,1600.0,1600.0,76596011.36393104,10300904.073896186,2028,energy_only,101
2027,solar-a,solar,2000.0,2000.0,3738442.7218772136,411943.9804919357,2028,energy_only,101
2027,wind-a,wind,1250.0,1250.0,37242899.40825186,3379460.0365515035,2029,energy_only,101
2027,wind-b,wind,500.0,500.0,39384812.25204584,6228128.193104775,2029,energy_only,101
2028,gas-a,gas,1250.0,1250.0,42850821.017268665,4680364.969456446,2030,energy_only,101
2028,peaker-a,peaker,1600.0,1600.0,34279596.512916654,4652642.471487622,2029,energy_only,101
2028,solar-a,solar,2000.0,2000.0,2775124.790576965,322867.67668502184,2029,energy_only,101
2028,wind-a,wind,1250.0,1250.0,28778562.07942549,2648350.0668220483,2030,energy_only,101
2028,wind-b,wind,500.0,500.0,13175693.73679303,2257942.1097451444,2030,energy_only,101
2029,gas-a,gas,1250.0,1250.0,32126577.105380222,3538254.6515670684,2031,energy_only,101
2029,peaker-a,peaker,1600.0,1600.0,19317764.946412057,2655584.3786334605,2030,energy_only,101
2029,solar-a,solar,2000.0,2000.0,2212460.809810206,270839.13443175214,2030,energy_only,101
2029,wind-a,wind,1250.0,1250.0,23081895.947383847,2156298.6230342733,2031,energy_only,101
2029,wind-b,wind,500.0,500.0,5616003.363734707,1112791.901959363,2031,energy_only,101
2030,gas-a,gas,0.0,0.0,19854161.480635617,2231267.172952414,2032,energy_only,101
2030,peaker-a,peaker,1600.0,1600.0,7380483.905086996,1062233.7514533843,2031,energy_only,101
2030,solar-a,solar,2000.0,2000.0,2135467.6792010353,263719.71594036074,2031,energy_only,101
2030,wind-a,wind,0.0,0.0,16264743.907600593,1567464.8339468408,2032,energy_only,101
2030,wind-b,wind,0.0,0.0,2714202.2328707194,673223.8768184643,2032,energy_only,101
2031,gas-a,gas,0.0,0.0,12470055.206101125,1444874.7676856369,2033,energy_only,101
2031,peaker-a,peaker,0.0,0.0,2605571.488556972,424893.5005813537,2032,energy_only,101
2031,solar-a,solar,0.0,0.0,2166924.9214652157,266628.51144577574,2032,energy_only,101
2031,wind-a,wind,0.0,0.0,12418935.222135734,1235281.8215756472,2033,energy_only,101
2031,wind-b,wind,0.0,0.0,1307645.1327732382,460157.06112194125,2033,energy_only,101
2026,gas-a,gas,1250.0,1250.0,53866492.60260219,5782459.114420261,2028,stylised_capacity_payment,101
2026,peaker-a,peaker,1600.0,1600.0,72689005.71869446,9702704.736312428,2027,stylised_capacity_payment,101
2026,solar-a,solar,2000.0,2000.0,4209892.452822029,449072.5852935717,2027,stylised_capacity_payment,101
2026,wind-a,wind,1250.0,1250.0,20514311.80616336,1922803.9334846355,2028,stylised_capacity_payment,101
2026,wind-b,wind,500.0,500.0,50624681.03278381,7916693.3715634905,2028,stylised_capacity_payment,101
2027,gas-a,gas,1250.0,1250.0,69175982.77891377,7412888.899088648,2029,stylised_capacity_payment,101
2027,peaker-a,peaker,1600.0,1600.0,77170676.91501474,10300904.073896186,2028,stylised_capacity_payment,101
2027,solar-a,solar,2000.0,2000.0,3808364.2209467366,411943.9804919357,2028,stylised_capacity_payment,101
2027,wind-a,wind,1250.0,1250.0,37378571.82030895,3379460.0365515035,2029,stylised_capacity_payment,101
2027,wind-b,wind,500.0,500.0,39477645.61586864,6228128.193104775,2029,stylised_capacity_payment,101
2028,gas-a,gas,1250.0,1250.0,43517994.529055454,4680364.969456446,2030,stylised_capacity_payment,101
2028,peaker-a,peaker,1600.0,1600.0,34854262.06400035,4652642.471487622,2029,stylised_capacity_payment,101
2028,solar-a,solar,2000.0,2000.0,2845046.2896464877,322867.67668502184,2029,stylised_capacity_payment,101
2028,wind-a,wind,1250.0,1250.0,28914234.491482586,2648350.0668220483,2030,stylised_capacity_payment,101
2028,wind-b,wind,500.0,500.0,13268527.10061583,2257942.1097451444,2030,stylised_capacity_payment,101
2029,gas-a,gas,1250.0,1250.0,32793750.617167003,3538254.6515670684,2031,stylised_capacity_payment,101
2029,peaker-a,peaker,1600.0,1600.0,19892430.49749576,2655584.3786334605,2030,stylised_capacity_payment,101
2029,solar-a,solar,2000.0,2000.0,2282382.3088797284,270839.13443175214,2030,stylised_capacity_payment,101
2029,wind-a,wind,1250.0,1250.0,23217568.35944094,2156298.6230342733,2031,stylised_capacity_payment,101
2029,wind-b,wind,500.0,500.0,5708836.727557507,1112791.901959363,2031,stylised_capacity_payment,101
2030,gas-a,gas,0.0,0.0,20521334.992422402,2231267.172952414,2032,stylised_capacity_payment,101
2030,peaker-a,peaker,1600.0,1600.0,7955149.456170699,1062233.7514533843,2031,stylised_capacity_payment,101
2030,solar-a,solar,2000.0,2000.0,2205389.1782705574,263719.71594036074,2031,stylised_capacity_payment,101
2030,wind-a,wind,0.0,0.0,16400416.319657687,1567464.8339468408,2032,stylised_capacity_payment,101
2030,wind-b,wind,0.0,0.0,2807035.5966935195,673223.8768184643,2032,stylised_capacity_payment,101
2031,gas-a,gas,0.0,0.0,13137228.71788791,1444874.7676856369,2033,stylised_capacity_payment,101
2031,peaker-a,peaker,0.0,0.0,3180237.0396406744,424893.5005813537,2032,stylised_capacity_payment,101
2031,solar-a,solar,0.0,0.0,2236846.420534738,266628.51144577574,2032,stylised_capacity_payment,101
2031,wind-a,wind,0.0,0.0,12554607.634192828,1235281.8215756472,2033,stylised_capacity_payment,101
2031,wind-b,wind,0.0,0.0,1400478.4965960383,460157.06112194125,2033,stylised_capacity_payment,101
2026,gas-a,gas,1250.0,1250.0,70690799.93994051,7645266.498986028,2028,energy_only,102
2026,peaker-a,peaker,1600.0,1600.0,64412473.490419075,8674683.861367986,2027,energy_only,102
2026,solar-a,solar,2000.0,2000.0,5770348.828361842,599830.7412045164,2027,energy_only,102
2026,wind-a,wind,1250.0,1250.0,23070618.963227518,2155324.5697534457,2028,energy_only,102
2026,wind-b,wind,500.0,500.0,43374206.91424642,6832446.081921997,2028,energy_only,102
2027,gas-a,gas,1250.0,1250.0,68782938.36718473,7442083.094612549,2029,energy_only,102
2027,peaker-a,peaker,1600.0,1600.0,71675374.5470843,9644112.989636196,2028,energy_only,102
2027,solar-a,solar,2000.0,2000.0,5275533.504342437,554076.0441325159,2028,energy_only,102
2027,wind-a,wind,1250.0,1250.0,32397418.45635374,2960929.9975841073,2029,energy_only,102
2027,wind-b,wind,500.0,500.0,31428179.416359942,5022848.704736689,2029,energy_only,102
2028,gas-a,gas,1250.0,1250.0,43606038.77904728,4760794.135844998,2030,energy_only,102
2028,peaker-a,peaker,1600.0,1600.0,31046180.40471961,4221056.2864849735,2029,energy_only,102
2028,solar-a,solar,2000.0,2000.0,3243738.5653549014,366199.5628815986,2029,energy_only,102
2028,wind-a,wind,1250.0,1250.0,23836677.064029112,2221493.0946042524,2030,energy_only,102
2028,wind-b,wind,500.0,500.0,9872498.135332627,1757570.4089609017,2030,energy_only,102
2029,gas-a,gas,1250.0,1250.0,31203276.01142783,3439924.9497637935,2031,energy_only,102
2029,peaker-a,peaker,1600.0,1600.0,16904331.026233643,2333446.8301363117,2030,energy_only,102
2029,solar-a,solar,2000.0,2000.0,2858119.9231779636,330542.08967563545,2030,energy_only,102
2029,wind-a,wind,1250.0,1250.0,17663784.99246728,1688307.4759010663,2031,energy_only,102
2029,wind-b,wind,500.0,500.0,3684815.9156028014,820253.5044367581,2031,energy_only,102
2030,gas-a,gas,0.0,0.0,19652852.969738748,2209828.2231053873,2032,energy_only,102
2030,peaker-a,peaker,1600.0,1600.0,6415110.337015631,933378.7320545247,2031,energy_only,102
2030,solar-a,solar,2000.0,2000.0,1969594.2632325208,248381.69480090291,2031,energy_only,102
2030,wind-a,wind,0.0,0.0,13270769.640902331,1308859.30459939,2032,energy_only,102
2030,wind-b,wind,0.0,0.0,1736128.770696953,525064.2336100973,2032,energy_only,102
2031,gas-a,gas,0.0,0.0,11545133.151604753,1346372.4368581267,2033,energy_only,102
2031,peaker-a,peaker,0.0,0.0,2219422.061328425,373351.4928218099,2032,energy_only,102
2031,solar-a,solar,0.0,0.0,1794604.8234297805,232200.73107501105,2032,energy_only,102
2031,wind-a,wind,0.0,0.0,9653699.059821371,996433.6225513336,2033,energy_only,102
2031,wind-b,wind,0.0,0.0,1211969.6701874123,445664.03687710897,2033,energy_only,102
2026,gas-a,gas,1250.0,1250.0,71357973.4517273,7645266.498986028,2028,stylised_capacity_payment,102
2026,peaker-a,peaker,1600.0,1600.0,64987139.041502774,8674683.861367986,2027,stylised_capacity_payment,102
2026,solar-a,solar,2000.0,2000.0,5840270.327431364,599830.7412045164,2027,stylised_capacity_payment,102
2026,wind-a,wind,1250.0,1250.0,23206291.375284612,2155324.5697534457,2028,stylised_capacity_payment,102
2026,wind-b,wind,500.0,500.0,43467040.27806922,6832446.081921997,2028,stylised_capacity_payment,102
2027,gas-a,gas,1250.0,1250.0,69450111.87897152,7442083.094612549,2029,stylised_capacity_payment,102
2027,peaker-a,peaker,1600.0,1600.0,72250040.098168,9644112.989636196,2028,stylised_capacity_payment,102
2027,solar-a,solar,2000.0,2000.0,5345455.003411959,554076.0441325159,2028,stylised_capacity_payment,102
2027,wind-a,wind,1250.0,1250.0,32533090.868410833,2960929.9975841073,2029,stylised_capacity_payment,102
2027,wind-b,wind,500.0,500.0,31521012.78018274,5022848.704736689,2029,stylised_capacity_payment,102
2028,gas-a,gas,1250.0,1250.0,44273212.29083407,4760794.135844998,2030,stylised_capacity_payment,102
2028,peaker-a,peaker,1600.0,1600.0,31620845.955803312,4221056.2864849735,2029,stylised_capacity_payment,102
2028,solar-a,solar,2000.0,2000.0,3313660.0644244235,366199.5628815986,2029,stylised_capacity_payment,102
2028,wind-a,wind,1250.0,1250.0,23972349.476086207,2221493.0946042524,2030,stylised_capacity_payment,102
2028,wind-b,wind,500.0,500.0,9965331.499155426,1757570.4089609017,2030,stylised_capacity_payment,102
2029,gas-a,gas,1250.0,1250.0,31870449.523214616,3439924.9497637935,2031,stylised_capacity_payment,102
2029,peaker-a,peaker,1600.0,1600.0,17478996.577317346,2333446.8301363117,2030,stylised_capacity_payment,102
2029,solar-a,solar,2000.0,2000.0,2928041.422247486,330542.08967563545,2030,stylised_capacity_payment,102
2029,wind-a,wind,1250.0,1250.0,17799457.404524375,1688307.4759010663,2031,stylised_capacity_payment,102
2029,wind-b,wind,500.0,500.0,3777649.2794256015,820253.5044367581,2031,stylised_capacity_payment,102
2030,gas-a,gas,0.0,0.0,20320026.481525537,2209828.2231053873,2032,stylised_capacity_payment,102
2030,peaker-a,peaker,1600.0,1600.0,6989775.888099333,933378.7320545247,2031,stylised_capacity_payment,102
2030,solar-a,solar,2000.0,2000.0,2039515.762302043,248381.69480090291,2031,stylised_capacity_payment,102
2030,wind-a,wind,0.0,0.0,13406442.052959425,1308859.30459939,2032,stylised_capacity_payment,102
2030,wind-b,wind,0.0,0.0,1828962.134519753,525064.2336100973,2032,stylised_capacity_payment,102
2031,gas-a,gas,0.0,0.0,12212306.663391538,1346372.4368581267,2033,stylised_capacity_payment,102
2031,peaker-a,peaker,0.0,0.0,2794087.6124121277,373351.4928218099,2032,stylised_capacity_payment,102
2031,solar-a,solar,0.0,0.0,1864526.3224993027,232200.73107501105,2032,stylised_capacity_payment,102
2031,wind-a,wind,0.0,0.0,9789371.471878465,996433.6225513336,2033,stylised_capacity_payment,102
2031,wind-b,wind,0.0,0.0,1304803.0340102124,445664.03687710897,2033,stylised_capacity_payment,102
2026,gas-a,gas,1250.0,1250.0,42343649.27207674,4626352.202879632,2028,energy_only,103
2026,peaker-a,peaker,1600.0,1600.0,70425608.86615844,9477298.207891699,2027,energy_only,103
2026,solar-a,solar,2000.0,2000.0,3394452.3751966176,380135.80207859725,2027,energy_only,103
2026,wind-a,wind,1250.0,1250.0,16134964.296563797,1556255.0766072469,2028,energy_only,103
2026,wind-b,wind,500.0,500.0,26287687.272012584,4244161.303966983,2028,energy_only,103
2027,gas-a,gas,1250.0,1250.0,76607562.71380292,8275389.7848841455,2029,energy_only,103
2027,peaker-a,peaker,1600.0,1600.0,68483732.46904868,9218102.67043809,2028,energy_only,103
2027,solar-a,solar,2000.0,2000.0,4028074.1782975113,438725.6885509878,2028,energy_only,103
2027,wind-a,wind,1250.0,1250.0,29875063.174756277,2743060.7159221782,2029,energy_only,103
2027,wind-b,wind,500.0,500.0,21381357.47689416,3500945.073264079,2029,energy_only,103
2028,gas-a,gas,1250.0,1250.0,48643066.666482136,5297227.433054746,2030,energy_only,103
2028,peaker-a,peaker,1600.0,1600.0,30082139.5547631,4092379.154097135,2029,energy_only,103
2028,solar-a,solar,2000.0,2000.0,2639263.9146684967,310304.86199562706,2029,energy_only,103
2028,wind-a,wind,1250.0,1250.0,21965486.54245473,2059868.3870294215,2030,energy_only,103
2028,wind-b,wind,500.0,500.0,8484364.500186102,1547294.3999873511,2030,energy_only,103
2029,gas-a,gas,1250.0,1250.0,35282983.64452276,3874405.5732942293,2031,energy_only,103
2029,peaker-a,peaker,1600.0,1600.0,17055269.473847788,2353593.618114162,2030,energy_only,103
2029,solar-a,solar,2000.0,2000.0,2017365.062967698,252798.97608680854,2030,energy_only,103
2029,wind-a,wind,1250.0,1250.0,16577442.03434017,1594474.2393017581,2031,energy_only,103
2029,wind-b,wind,500.0,500.0,5623497.790811494,1113927.166011288,2031,energy_only,103
2030,gas-a,gas,0.0,0.0,21719653.121855937,2429938.2651878516,2032,energy_only,103
2030,peaker-a,peaker,1600.0,1600.0,6475485.7160612885,941437.4472456648,2031,energy_only,103
2030,solar-a,solar,2000.0,2000.0,1567245.3150455845,211177.19981479106,2031,energy_only,103
2030,wind-a,wind,0.0,0.0,12903902.180899184,1277171.0049537502,2032,energy_only,103
2030,wind-b,wind,0.0,0.0,1990234.0470613926,563556.3802018737,2032,energy_only,103
2031,gas-a,gas,0.0,0.0,13463696.54277799,1550695.5632796274,2033,energy_only,103
2031,peaker-a,peaker,0.0,0.0,2243572.2129466888,376574.9788982659,2032,energy_only,103
2031,solar-a,solar,0.0,0.0,1869206.9832532015,239099.06073042753,2032,energy_only,103
2031,wind-a,wind,0.0,0.0,10163666.603499165,1040482.2398189269,2033,energy_only,103
2031,wind-b,wind,0.0,0.0,1108800.1412071828,430035.80321691546,2033,energy_only,103
2026,gas-a,gas,1250.0,1250.0,43010822.78386352,4626352.202879632,2028,stylised_capacity_payment,103
2026,peaker-a,peaker,1600.0,1600.0,71000274.41724214,9477298.207891699,2027,stylised_capacity_payment,103
2026,solar-a,solar,2000.0,2000.0,3464373.8742661397,380135.80207859725,2027,stylised_capacity_payment,103
2026,wind-a,wind,1250.0,1250.0,16270636.708620891,1556255.0766072469,2028,stylised_capacity_payment,103
2026,wind-b,wind,500.0,500.0,26380520.635835383,4244161.303966983,2028,stylised_capacity_payment,103
2027,gas-a,gas,1250.0,1250.0,77274736.22558971,8275389.7848841455,2029,stylised_capacity_payment,103
2027,peaker-a,peaker,1600.0,1600.0,69058398.02013238,9218102.67043809,2028,stylised_capacity_payment,103
2027,solar-a,solar,2000.0,2000.0,4097995.6773670334,438725.6885509878,2028,stylised_capacity_payment,103
2027,wind-a,wind,1250.0,1250.0,30010735.586813368,2743060.7159221782,2029,stylised_capacity_payment,103
2027,wind-b,wind,500.0,500.0,21474190.840716958,3500945.073264079,2029,stylised_capacity_payment,103
2028,gas-a,gas,1250.0,1250.0,49310240.178268924,5297227.433054746,2030,stylised_capacity_payment,103
2028,peaker-a,peaker,1600.0,1600.0,30656805.105846804,4092379.154097135,2029,stylised_capacity_payment,103
2028,solar-a,solar,2000.0,2000.0,2709185.4137380193,310304.86199562706,2029,stylised_capacity_payment,103
2028,wind-a,wind,1250.0,1250.0,22101158.954511825,2059868.3870294215,2030,stylised_capacity_payment,103
2028,wind-b,wind,500.0,500.0,8577197.864008904,1547294.3999873511,2030,stylised_capacity_payment,103
2029,gas-a,gas,1250.0,1250.0,35950157.156309545,3874405.5732942293,2031,stylised_capacity_payment,103
2029,peaker-a,peaker,1600.0,1600.0,17629935.02493149,2353593.618114162,2030,stylised_capacity_payment,103
2029,solar-a,solar,2000.0,2000.0,2087286.5620372202,252798.97608680854,2030,stylised_capacity_payment,103
2029,wind-a,wind,1250.0,1250.0,16713114.446397264,1594474.2393017581,2031,stylised_capacity_payment,103
2029,wind-b,wind,500.0,500.0,5716331.154634294,1113927.166011288,2031,stylised_capacity_payment,103
2030,gas-a,gas,0.0,0.0,22386826.633642726,2429938.2651878516,2032,stylised_capacity_payment,103
2030,peaker-a,peaker,1600.0,1600.0,7050151.267144991,941437.4472456648,2031,stylised_capacity_payment,103
2030,solar-a,solar,2000.0,2000.0,1637166.8141151066,211177.19981479106,2031,stylised_capacity_payment,103
2030,wind-a,wind,0.0,0.0,13039574.592956278,1277171.0049537502,2032,stylised_capacity_payment,103
2030,wind-b,wind,0.0,0.0,2083067.4108841931,563556.3802018737,2032,stylised_capacity_payment,103
2031,gas-a,gas,0.0,0.0,14130870.054564776,1550695.5632796274,2033,stylised_capacity_payment,103
2031,peaker-a,peaker,0.0,0.0,2818237.7640303914,376574.9788982659,2032,stylised_capacity_payment,103
2031,solar-a,solar,0.0,0.0,1939128.4823227236,239099.06073042753,2032,stylised_capacity_payment,103
2031,wind-a,wind,0.0,0.0,10299339.015556257,1040482.2398189269,2033,stylised_capacity_payment,103
2031,wind-b,wind,0.0,0.0,1201633.505029983,430035.80321691546,2033,stylised_capacity_payment,103
2026,gas-a,gas,1250.0,1250.0,66657136.44756447,7215689.483451217,2028,energy_only,104
2026,peaker-a,peaker,1600.0,1600.0,44045322.133554645,5956140.729478277,2027,energy_only,104
2026,solar-a,solar,2000.0,2000.0,3812185.9415666927,418762.8854736936,2027,energy_only,104
2026,wind-a,wind,1250.0,1250.0,23158806.908069525,2162941.833005037,2028,energy_only,104
2026,wind-b,wind,500.0,500.0,40330148.56485118,6371328.776940132,2028,energy_only,104
2027,gas-a,gas,1250.0,1250.0,99675955.0098138,10732126.975390144,2029,energy_only,104
2027,peaker-a,peaker,1600.0,1600.0,51042072.08933037,6890044.848151848,2028,energy_only,104
2027,solar-a,solar,2000.0,2000.0,4164419.0234108577,451333.25501601776,2028,energy_only,104
2027,wind-a,wind,1250.0,1250.0,30766277.845441498,2820039.681385676,2029,energy_only,104
2027,wind-b,wind,500.0,500.0,30850240.594145082,4935301.896641813,2029,energy_only,104
2028,gas-a,gas,1250.0,1250.0,62730082.30978638,6797466.148872404,2030,energy_only,104
2028,peaker-a,peaker,1600.0,1600.0,21586782.312056746,2958445.660873251,2029,energy_only,104
2028,solar-a,solar,2000.0,2000.0,2598686.693682953,306552.7582023654,2029,energy_only,104
2028,wind-a,wind,1250.0,1250.0,22962206.631130908,2145960.418283783,2030,energy_only,104
2028,wind-b,wind,500.0,500.0,12130493.848994585,2099614.0817936705,2030,energy_only,104
2029,gas-a,gas,1250.0,1250.0,44214901.793793015,4825636.817253191,2031,energy_only,104
2029,peaker-a,peaker,1600.0,1600.0,12408272.715375962,1733327.1458762782,2030,energy_only,104
2029,solar-a,solar,2000.0,2000.0,2519190.5431861333,299201.8898929,2030,energy_only,104
2029,wind-a,wind,1250.0,1250.0,17750871.014079913,1695829.5601649147,2031,energy_only,104
2029,wind-b,wind,500.0,500.0,4720340.686574581,977115.9350558473,2031,energy_only,104
2030,gas-a,gas,0.0,0.0,27012013.550540563,2993563.9623700585,2032,energy_only,104
2030,peaker-a,peaker,1600.0,1600.0,4616687.0126725575,693330.8583505113,2031,energy_only,104
2030,solar-a,solar,2000.0,2000.0,1914492.0465294472,243286.49036631678,2031,energy_only,104
2030,wind-a,wind,0.0,0.0,12955845.75425076,1281657.6484871283,2032,energy_only,104
2030,wind-b,wind,0.0,0.0,2095734.7861204608,579537.7481274187,2032,energy_only,104
2031,gas-a,gas,0.0,0.0,16440215.99845367,1867688.8739182556,2033,energy_only,104
2031,peaker-a,peaker,0.0,0.0,1500052.731591196,277332.3433402045,2032,energy_only,104
2031,solar-a,solar,0.0,0.0,1452766.316732212,200591.52949563783,2032,energy_only,104
2031,wind-a,wind,0.0,0.0,9988950.423969021,1025391.0713357776,2033,energy_only,104
2031,wind-b,wind,0.0,0.0,1195441.7966554724,443160.3764260393,2033,energy_only,104
2026,gas-a,gas,1250.0,1250.0,67324309.95935126,7215689.483451217,2028,stylised_capacity_payment,104
2026,peaker-a,peaker,1600.0,1600.0,44619987.68463835,5956140.729478277,2027,stylised_capacity_payment,104
2026,solar-a,solar,2000.0,2000.0,3882107.440636215,418762.8854736936,2027,stylised_capacity_payment,104
2026,wind-a,wind,1250.0,1250.0,23294479.32012662,2162941.833005037,2028,stylised_capacity_payment,104
2026,wind-b,wind,500.0,500.0,40422981.92867398,6371328.776940132,2028,stylised_capacity_payment,104
2027,gas-a,gas,1250.0,1250.0,100343128.52160059,10732126.975390144,2029,stylised_capacity_payment,104
2027,peaker-a,peaker,1600.0,1600.0,51616737.64041407,6890044.848151848,2028,stylised_capacity_payment,104
2027,solar-a,solar,2000.0,2000.0,4234340.52248038,451333.25501601776,2028,stylised_capacity_payment,104
2027,wind-a,wind,1250.0,1250.0,30901950.257498592,2820039.681385676,2029,stylised_capacity_payment,104
2027,wind-b,wind,500.0,500.0,30943073.95796788,4935301.896641813,2029,stylised_capacity_payment,104
2028,gas-a,gas,1250.0,1250.0,63397255.82157317,6797466.148872404,2030,stylised_capacity_payment,104
2028,peaker-a,peaker,1600.0,1600.0,22161447.86314045,2958445.660873251,2029,stylised_capacity_payment,104
2028,solar-a,solar,2000.0,2000.0,2668608.192752475,306552.7582023654,2029,stylised_capacity_payment,104
2028,wind-a,wind,1250.0,1250.0,23097879.043188002,2145960.418283783,2030,stylised_capacity_payment,104
2028,wind-b,wind,500.0,500.0,12223327.212817384,2099614.0817936705,2030,stylised_capacity_payment,104
2029,gas-a,gas,1250.0,1250.0,44882075.305579804,4825636.817253191,2031,stylised_capacity_payment,104
2029,peaker-a,peaker,1600.0,1600.0,12982938.266459664,1733327.1458762782,2030,stylised_capacity_payment,104
2029,solar-a,solar,2000.0,2000.0,2589112.042255656,299201.8898929,2030,stylised_capacity_payment,104
2029,wind-a,wind,1250.0,1250.0,17886543.426137008,1695829.5601649147,2031,stylised_capacity_payment,104
2029,wind-b,wind,500.0,500.0,4813174.050397381,977115.9350558473,2031,stylised_capacity_payment,104
2030,gas-a,gas,0.0,0.0,27679187.062327348,2993563.9623700585,2032,stylised_capacity_payment,104
2030,peaker-a,peaker,1600.0,1600.0,5191352.56375626,693330.8583505113,2031,stylised_capacity_payment,104
2030,solar-a,solar,2000.0,2000.0,1984413.5455989693,243286.49036631678,2031,stylised_capacity_payment,104
2030,wind-a,wind,0.0,0.0,13091518.166307852,1281657.6484871283,2032,stylised_capacity_payment,104
2030,wind-b,wind,0.0,0.0,2188568.1499432614,579537.7481274187,2032,stylised_capacity_payment,104
2031,gas-a,gas,0.0,0.0,17107389.510240458,1867688.8739182556,2033,stylised_capacity_payment,104
2031,peaker-a,peaker,0.0,0.0,2074718.2826748989,277332.3433402045,2032,stylised_capacity_payment,104
2031,solar-a,solar,0.0,0.0,1522687.815801734,200591.52949563783,2032,stylised_capacity_payment,104
2031,wind-a,wind,0.0,0.0,10124622.836026115,1025391.0713357776,2033,stylised_capacity_payment,104
2031,wind-b,wind,0.0,0.0,1288275.1604782725,443160.3764260393,2033,stylised_capacity_payment,104
2026,gas-a,gas,1250.0,1250.0,72554622.16518229,7843759.80179131,2028,energy_only,105
2026,peaker-a,peaker,1600.0,1600.0,69748782.70289457,9386957.586103953,2027,energy_only,105
2026,solar-a,solar,2000.0,2000.0,4805081.131754167,510574.1460511703,2027,energy_only,105
2026,wind-a,wind,1250.0,1250.0,17678796.032810695,1689604.0595348144,2028,energy_only,105
2026,wind-b,wind,500.0,500.0,12427389.638811836,2144588.1824012334,2028,energy_only,105
2027,gas-a,gas,1250.0,1250.0,94689776.30867468,10201109.013825666,2029,energy_only,105
2027,peaker-a,peaker,1600.0,1600.0,76133650.9012253,10239189.657465417,2028,energy_only,105
2027,solar-a,solar,2000.0,2000.0,5509138.725909561,575677.1054343728,2028,energy_only,105
2027,wind-a,wind,1250.0,1250.0,26677606.73794115,2466879.3460268825,2029,energy_only,105
2027,wind-b,wind,500.0,500.0,26971699.430156168,4347776.217590652,2029,energy_only,105
2028,gas-a,gas,1250.0,1250.0,60392361.09126749,6548503.560371449,2030,energy_only,105
2028,peaker-a,peaker,1600.0,1600.0,32782599.426902264,4452828.021477571,2029,energy_only,105
2028,solar-a,solar,2000.0,2000.0,3699826.706016589,408373.22586477874,2029,energy_only,105
2028,wind-a,wind,1250.0,1250.0,19194193.855601437,1820497.0536709828,2030,energy_only,105
2028,wind-b,wind,500.0,500.0,8148853.765728889,1496470.8651178135,2030,energy_only,105
2029,gas-a,gas,1250.0,1250.0,39805833.83776956,4356079.984508318,2031,energy_only,105
2029,peaker-a,peaker,1600.0,1600.0,19755302.324992914,2713985.4880789956,2030,energy_only,105
2029,solar-a,solar,2000.0,2000.0,2302579.77263633,279172.2753924199,2030,energy_only,105
2029,wind-a,wind,1250.0,1250.0,15560368.025334895,1506624.1313666617,2031,energy_only,105
2029,wind-b,wind,500.0,500.0,3846063.8819204643,844679.5236282033,2031,energy_only,105
2030,gas-a,gas,0.0,0.0,24190595.583257847,2693088.647001683,2032,energy_only,105
2030,peaker-a,peaker,1600.0,1600.0,7555498.85651934,1085594.1952315983,2031,energy_only,105
2030,solar-a,solar,2000.0,2000.0,1908279.428873038,242712.02060943024,2031,energy_only,105
2030,wind-a,wind,0.0,0.0,13206627.129225934,1303318.9736853095,2032,energy_only,105
2030,wind-b,wind,0.0,0.0,2174159.070008772,591417.5448595986,2032,energy_only,105
2031,gas-a,gas,0.0,0.0,14887125.818993248,1702287.906432981,2033,energy_only,105
2031,peaker-a,peaker,0.0,0.0,2675577.469129909,434237.67809263937,2032,energy_only,105
2031,solar-a,solar,0.0,0.0,1664292.8838044116,220151.01670078575,2032,energy_only,105
2031,wind-a,wind,0.0,0.0,10383093.18837466,1059435.2845280282,2033,energy_only,105
2031,wind-b,wind,0.0,0.0,2036754.2761628828,570603.315644054,2033,energy_only,105
2026,gas-a,gas,1250.0,1250.0,73221795.67696908,7843759.80179131,2028,stylised_capacity_payment,105
2026,peaker-a,peaker,1600.0,1600.0,70323448.25397827,9386957.586103953,2027,stylised_capacity_payment,105
2026,solar-a,solar,2000.0,2000.0,4875002.6308236895,510574.1460511703,2027,stylised_capacity_payment,105
2026,wind-a,wind,1250.0,1250.0,17814468.444867786,1689604.0595348144,2028,stylised_capacity_payment,105
2026,wind-b,wind,500.0,500.0,12520223.002634637,2144588.1824012334,2028,stylised_capacity_payment,105
2027,gas-a,gas,1250.0,1250.0,95356949.82046145,10201109.013825666,2029,stylised_capacity_payment,105
2027,peaker-a,peaker,1600.0,1600.0,76708316.452309,10239189.657465417,2028,stylised_capacity_payment,105
2027,solar-a,solar,2000.0,2000.0,5579060.224979084,575677.1054343728,2028,stylised_capacity_payment,105
2027,wind-a,wind,1250.0,1250.0,26813279.149998244,2466879.3460268825,2029,stylised_capacity_payment,105
2027,wind-b,wind,500.0,500.0,27064532.793978967,4347776.217590652,2029,stylised_capacity_payment,105
2028,gas-a,gas,1250.0,1250.0,61059534.60305428,6548503.560371449,2030,stylised_capacity_payment,105
2028,peaker-a,peaker,1600.0,1600.0,33357264.977985963,4452828.021477571,2029,stylised_capacity_payment,105
2028,solar-a,solar,2000.0,2000.0,3769748.205086111,408373.22586477874,2029,stylised_capacity_payment,105
2028,wind-a,wind,1250.0,1250.0,19329866.26765853,1820497.0536709828,2030,stylised_capacity_payment,105
2028,wind-b,wind,500.0,500.0,8241687.12955169,1496470.8651178135,2030,stylised_capacity_payment,105
2029,gas-a,gas,1250.0,1250.0,40473007.34955634,4356079.984508318,2031,stylised_capacity_payment,105
2029,peaker-a,peaker,1600.0,1600.0,20329967.876076616,2713985.4880789956,2030,stylised_capacity_payment,105
2029,solar-a,solar,2000.0,2000.0,2372501.271705853,279172.2753924199,2030,stylised_capacity_payment,105
2029,wind-a,wind,1250.0,1250.0,15696040.437391985,1506624.1313666617,2031,stylised_capacity_payment,105
2029,wind-b,wind,500.0,500.0,3938897.2457432644,844679.5236282033,2031,stylised_capacity_payment,105
2030,gas-a,gas,0.0,0.0,24857769.095044635,2693088.647001683,2032,stylised_capacity_payment,105
2030,peaker-a,peaker,1600.0,1600.0,8130164.407603042,1085594.1952315983,2031,stylised_capacity_payment,105
2030,solar-a,solar,2000.0,2000.0,1978200.92794256,242712.02060943024,2031,stylised_capacity_payment,105
2030,wind-a,wind,0.0,0.0,13342299.541283026,1303318.9736853095,2032,stylised_capacity_payment,105
2030,wind-b,wind,0.0,0.0,2266992.4338315725,591417.5448595986,2032,stylised_capacity_payment,105
2031,gas-a,gas,0.0,0.0,15554299.330780035,1702287.906432981,2033,stylised_capacity_payment,105
2031,peaker-a,peaker,0.0,0.0,3250243.0202136114,434237.67809263937,2032,stylised_capacity_payment,105
2031,solar-a,solar,0.0,0.0,1734214.3828739338,220151.01670078575,2032,stylised_capacity_payment,105
2031,wind-a,wind,0.0,0.0,10518765.600431755,1059435.2845280282,2033,stylised_capacity_payment,105
2031,wind-b,wind,0.0,0.0,2129587.639985683,570603.315644054,2033,stylised_capacity_payment,105
2026,gas-a,gas,1250.0,1250.0,48809910.860542305,5314996.002762939,2028,energy_only,106
2026,peaker-a,peaker,1600.0,1600.0,55700108.72342842,7511784.888172222,2027,energy_only,106
2026,solar-a,solar,2000.0,2000.0,3459589.0158473514,386158.87193232146,2027,energy_only,106
2026,wind-a,wind,1250.0,1250.0,33227223.406480215,3032604.6778809573,2028,energy_only,106
2026,wind-b,wind,500.0,500.0,11574607.234828433,2015407.7664151513,2028,energy_only,106
2027,gas-a,gas,1250.0,1250.0,72210868.73664899,7807150.75589834,2029,energy_only,106
2027,peaker-a,peaker,1600.0,1600.0,52349558.629572034,7064564.028165417,2028,energy_only,106
2027,solar-a,solar,2000.0,2000.0,3536082.415024365,393232.081142824,2028,energy_only,106
2027,wind-a,wind,1250.0,1250.0,32139866.34821334,2938683.848042665,2029,energy_only,106
2027,wind-b,wind,500.0,500.0,20824743.69286403,3416628.6053952156,2029,energy_only,106
2028,gas-a,gas,1250.0,1250.0,46708676.39555138,5091218.775903101,2030,energy_only,106
2028,peaker-a,peaker,1600.0,1600.0,23131697.76845935,3164656.1038441104,2029,energy_only,106
2028,solar-a,solar,2000.0,2000.0,2160130.26283045,266000.2213899707,2029,energy_only,106
2028,wind-a,wind,1250.0,1250.0,23611522.21193133,2202045.2688966165,2030,energy_only,106
2028,wind-b,wind,500.0,500.0,8157271.261126511,1497745.9565736721,2030,energy_only,106
2029,gas-a,gas,1250.0,1250.0,34682958.32126642,3810504.0881810193,2031,energy_only,106
2029,peaker-a,peaker,1600.0,1600.0,12348111.696921,1725297.0428607622,2030,energy_only,106
2029,solar-a,solar,2000.0,2000.0,1995479.761337366,250775.2809872082,2030,energy_only,106
2029,wind-a,wind,1250.0,1250.0,19059057.51637144,1808824.607140843,2031,energy_only,106
2029,wind-b,wind,500.0,500.0,4173777.2705659047,894321.9079828534,2031,energy_only,106
2030,gas-a,gas,0.0,0.0,21121856.170727298,2366274.0972058116,2032,energy_only,106
2030,peaker-a,peaker,1600.0,1600.0,4592622.605290574,690118.817144305,2031,energy_only,106
2030,solar-a,solar,2000.0,2000.0,1854541.7751575103,237742.99489870344,2031,energy_only,106
2030,wind-a,wind,0.0,0.0,14948156.671181833,1453744.1707490082,2032,energy_only,106
2030,wind-b,wind,0.0,0.0,2630945.5899115484,660612.0690222052,2032,energy_only,106
2031,gas-a,gas,0.0,0.0,13002279.531678192,1501555.583477176,2033,energy_only,106
2031,peaker-a,peaker,0.0,0.0,1490426.9686384026,276047.526857722,2032,energy_only,106
2031,solar-a,solar,0.0,0.0,1081639.9373705343,166274.13017747132,2032,energy_only,106
2031,wind-a,wind,0.0,0.0,10816694.920901043,1096887.7792983374,2033,energy_only,106
2031,wind-b,wind,0.0,0.0,1812452.6286713183,536625.8555159159,2033,energy_only,106
2026,gas-a,gas,1250.0,1250.0,49477084.37232909,5314996.002762939,2028,stylised_capacity_payment,106
2026,peaker-a,peaker,1600.0,1600.0,56274774.27451212,7511784.888172222,2027,stylised_capacity_payment,106
2026,solar-a,solar,2000.0,2000.0,3529510.5149168735,386158.87193232146,2027,stylised_capacity_payment,106
2026,wind-a,wind,1250.0,1250.0,33362895.81853731,3032604.6778809573,2028,stylised_capacity_payment,106
2026,wind-b,wind,500.0,500.0,11667440.598651232,2015407.7664151513,2028,stylised_capacity_payment,106
2027,gas-a,gas,1250.0,1250.0,72878042.24843578,7807150.75589834,2029,stylised_capacity_payment,106
2027,peaker-a,peaker,1600.0,1600.0,52924224.18065573,7064564.028165417,2028,stylised_capacity_payment,106
2027,solar-a,solar,2000.0,2000.0,3606003.9140938874,393232.081142824,2028,stylised_capacity_payment,106
2027,wind-a,wind,1250.0,1250.0,32275538.76027043,2938683.848042665,2029,stylised_capacity_payment,106
2027,wind-b,wind,500.0,500.0,20917577.05668683,3416628.6053952156,2029,stylised_capacity_payment,106
2028,gas-a,gas,1250.0,1250.0,47375849.90733817,5091218.775903101,2030,stylised_capacity_payment,106
2028,peaker-a,peaker,1600.0,1600.0,23706363.319543052,3164656.1038441104,2029,stylised_capacity_payment,106
2028,solar-a,solar,2000.0,2000.0,2230051.7618999723,266000.2213899707,2029,stylised_capacity_payment,106
2028,wind-a,wind,1250.0,1250.0,23747194.623988423,2202045.2688966165,2030,stylised_capacity_payment,106
2028,wind-b,wind,500.0,500.0,8250104.624949312,1497745.9565736721,2030,stylised_capacity_payment,106
2029,gas-a,gas,1250.0,1250.0,35350131.8330532,3810504.0881810193,2031,stylised_capacity_payment,106
2029,peaker-a,peaker,1600.0,1600.0,12922777.248004703,1725297.0428607622,2030,stylised_capacity_payment,106
2029,solar-a,solar,2000.0,2000.0,2065401.260406888,250775.2809872082,2030,stylised_capacity_payment,106
2029,wind-a,wind,1250.0,1250.0,19194729.928428534,1808824.607140843,2031,stylised_capacity_payment,106
2029,wind-b,wind,500.0,500.0,4266610.634388705,894321.9079828534,2031,stylised_capacity_payment,106
2030,gas-a,gas,0.0,0.0,21789029.682514083,2366274.0972058116,2032,stylised_capacity_payment,106
2030,peaker-a,peaker,1600.0,1600.0,5167288.156374277,690118.817144305,2031,stylised_capacity_payment,106
2030,solar-a,solar,2000.0,2000.0,1924463.2742270324,237742.99489870344,2031,stylised_capacity_payment,106
2030,wind-a,wind,0.0,0.0,15083829.083238926,1453744.1707490082,2032,stylised_capacity_payment,106
2030,wind-b,wind,0.0,0.0,2723778.9537343485,660612.0690222052,2032,stylised_capacity_payment,106
2031,gas-a,gas,0.0,0.0,13669453.043464977,1501555.583477176,2033,stylised_capacity_payment,106
2031,peaker-a,peaker,0.0,0.0,2065092.5197221055,276047.526857722,2032,stylised_capacity_payment,106
2031,solar-a,solar,0.0,0.0,1151561.4364400567,166274.13017747132,2032,stylised_capacity_payment,106
2031,wind-a,wind,0.0,0.0,10952367.332958138,1096887.7792983374,2033,stylised_capacity_payment,106
2031,wind-b,wind,0.0,0.0,1905285.9924941184,536625.8555159159,2033,stylised_capacity_payment,106
2026,gas-a,gas,1250.0,1250.0,43548477.817304775,4754664.009669774,2028,energy_only,107
2026,peaker-a,peaker,1600.0,1600.0,70521754.54724298,9490131.430191347,2027,energy_only,107
2026,solar-a,solar,2000.0,2000.0,3432831.502948561,383684.65208169236,2027,energy_only,107
2026,wind-a,wind,1250.0,1250.0,29979700.444247827,2752098.7950958433,2028,energy_only,107
2026,wind-b,wind,500.0,500.0,37164561.74463003,5891802.205606015,2028,energy_only,107
2027,gas-a,gas,1250.0,1250.0,69693498.74655539,7539055.936044068,2029,energy_only,107
2027,peaker-a,peaker,1600.0,1600.0,60806672.53828524,8193392.921774657,2028,energy_only,107
2027,solar-a,solar,2000.0,2000.0,4456758.6804919075,478365.3855960145,2028,energy_only,107
2027,wind-a,wind,1250.0,1250.0,34941838.94822594,3180705.1691685817,2029,energy_only,107
2027,wind-b,wind,500.0,500.0,29869646.518464502,4786760.428128622,2029,energy_only,107
2028,gas-a,gas,1250.0,1250.0,45189528.552734286,4929432.598720259,2030,energy_only,107
2028,peaker-a,peaker,1600.0,1600.0,26690434.126542185,3639665.009849595,2029,energy_only,107
2028,solar-a,solar,2000.0,2000.0,2835882.1450068834,328485.8016942789,2029,energy_only,107
2028,wind-a,wind,1250.0,1250.0,24336745.305419385,2264686.6563235368,2030,energy_only,107
2028,wind-b,wind,500.0,500.0,9382466.622401793,1683339.896709471,2030,energy_only,107
2029,gas-a,gas,1250.0,1250.0,30396786.267144524,3354035.420787598,2031,energy_only,107
2029,peaker-a,peaker,1600.0,1600.0,16282460.014239432,2250441.4486297625,2030,energy_only,107
2029,solar-a,solar,2000.0,2000.0,1503851.8226648504,205315.31579580926,2030,energy_only,107
2029,wind-a,wind,1250.0,1250.0,17358018.70923348,1661896.810848998,2031,energy_only,107
2029,wind-b,wind,500.0,500.0,4079885.371598944,880099.0599156091,2031,energy_only,107
2030,gas-a,gas,0.0,0.0,19107152.630805563,2151712.239107633,2032,energy_only,107
2030,peaker-a,peaker,1600.0,1600.0,6166361.932217946,900176.5794519051,2031,energy_only,107
2030,solar-a,solar,2000.0,2000.0,1908168.2842463083,242701.7432625488,2031,energy_only,107
2030,wind-a,wind,0.0,0.0,12626288.470799612,1253192.0278286121,2032,energy_only,107
2030,wind-b,wind,0.0,0.0,1518177.438684064,492048.72625132493,2032,energy_only,107
2031,gas-a,gas,0.0,0.0,11761689.706639074,1369435.27261078,2033,energy_only,107
2031,peaker-a,peaker,0.0,0.0,2119922.6994093517,360070.63178076205,2032,energy_only,107
2031,solar-a,solar,0.0,0.0,1540830.5255923523,208734.6709944712,2032,energy_only,107
2031,wind-a,wind,0.0,0.0,10546766.140948076,1073572.5905867026,2033,energy_only,107
2031,wind-b,wind,0.0,0.0,593328.453953078,351951.58539359755,2033,energy_only,107
2026,gas-a,gas,1250.0,1250.0,44215651.329091564,4754664.009669774,2028,stylised_capacity_payment,107
2026,peaker-a,peaker,1600.0,1600.0,71096420.09832668,9490131.430191347,2027,stylised_capacity_payment,107
2026,solar-a,solar,2000.0,2000.0,3502753.0020180834,383684.65208169236,2027,stylised_capacity_payment,107
2026,wind-a,wind,1250.0,1250.0,30115372.85630492,2752098.7950958433,2028,stylised_capacity_payment,107
2026,wind-b,wind,500.0,500.0,37257395.10845283,5891802.205606015,2028,stylised_capacity_payment,107
2027,gas-a,gas,1250.0,1250.0,70360672.25834216,7539055.936044068,2029,stylised_capacity_payment,107
2027,peaker-a,peaker,1600.0,1600.0,61381338.08936895,8193392.921774657,2028,stylised_capacity_payment,107
2027,solar-a,solar,2000.0,2000.0,4526680.17956143,478365.3855960145,2028,stylised_capacity_payment,107
2027,wind-a,wind,1250.0,1250.0,35077511.36028303,3180705.1691685817,2029,stylised_capacity_payment,107
2027,wind-b,wind,500.0,500.0,29962479.8822873,4786760.428128622,2029,stylised_capacity_payment,107
2028,gas-a,gas,1250.0,1250.0,45856702.06452107,4929432.598720259,2030,stylised_capacity_payment,107
2028,peaker-a,peaker,1600.0,1600.0,27265099.677625887,3639665.009849595,2029,stylised_capacity_payment,107
2028,solar-a,solar,2000.0,2000.0,2905803.6440764056,328485.8016942789,2029,stylised_capacity_payment,107
2028,wind-a,wind,1250.0,1250.0,24472417.71747648,2264686.6563235368,2030,stylised_capacity_payment,107
2028,wind-b,wind,500.0,500.0,9475299.986224592,1683339.896709471,2030,stylised_capacity_payment,107
2029,gas-a,gas,1250.0,1250.0,31063959.778931312,3354035.420787598,2031,stylised_capacity_payment,107
2029,peaker-a,peaker,1600.0,1600.0,16857125.565323137,2250441.4486297625,2030,stylised_capacity_payment,107
2029,solar-a,solar,2000.0,2000.0,1573773.3217343725,205315.31579580926,2030,stylised_capacity_payment,107
2029,wind-a,wind,1250.0,1250.0,17493691.121290576,1661896.810848998,2031,stylised_capacity_payment,107
2029,wind-b,wind,500.0,500.0,4172718.735421744,880099.0599156091,2031,stylised_capacity_payment,107
2030,gas-a,gas,0.0,0.0,19774326.14259235,2151712.239107633,2032,stylised_capacity_payment,107
2030,peaker-a,peaker,1600.0,1600.0,6741027.483301649,900176.5794519051,2031,stylised_capacity_payment,107
2030,solar-a,solar,2000.0,2000.0,1978089.7833158309,242701.7432625488,2031,stylised_capacity_payment,107
2030,wind-a,wind,0.0,0.0,12761960.882856706,1253192.0278286121,2032,stylised_capacity_payment,107
2030,wind-b,wind,0.0,0.0,1611010.802506864,492048.72625132493,2032,stylised_capacity_payment,107
2031,gas-a,gas,0.0,0.0,12428863.218425859,1369435.27261078,2033,stylised_capacity_payment,107
2031,peaker-a,peaker,0.0,0.0,2694588.2504930543,360070.63178076205,2032,stylised_capacity_payment,107
2031,solar-a,solar,0.0,0.0,1610752.0246618749,208734.6709944712,2032,stylised_capacity_payment,107
2031,wind-a,wind,0.0,0.0,10682438.55300517,1073572.5905867026,2033,stylised_capacity_payment,107
2031,wind-b,wind,0.0,0.0,686161.8177758781,351951.58539359755,2033,stylised_capacity_payment,107
2026,gas-a,gas,1250.0,1250.0,46956747.0339247,5117637.797885386,2028,energy_only,108
2026,peaker-a,peaker,1600.0,1600.0,60467823.41633524,8148164.4095942555,2027,energy_only,108
2026,solar-a,solar,2000.0,2000.0,3966501.1789819812,433032.14230304246,2027,energy_only,108
2026,wind-a,wind,1250.0,1250.0,33109557.940319963,3022441.28385959,2028,energy_only,108
2026,wind-b,wind,500.0,500.0,29142216.3550574,4676568.507339902,2028,energy_only,108
2027,gas-a,gas,1250.0,1250.0,75004072.31932127,8104621.296287591,2029,energy_only,108
2027,peaker-a,peaker,1600.0,1600.0,91627910.83949463,12307314.610280652,2028,energy_only,108
2027,solar-a,solar,2000.0,2000.0,3916726.5769626647,428429.5729671261,2028,energy_only,108
2027,wind-a,wind,1250.0,1250.0,44084909.129420444,3970440.9161882787,2029,energy_only,108
2027,wind-b,wind,500.0,500.0,28471968.64528569,4575038.647486328,2029,energy_only,108
2028,gas-a,gas,1250.0,1250.0,47115088.67411375,5134500.862778097,2030,energy_only,108
2028,peaker-a,peaker,1600.0,1600.0,39271163.27789583,5318901.061534854,2029,energy_only,108
2028,solar-a,solar,2000.0,2000.0,2596019.979341574,306306.1718479328,2029,energy_only,108
2028,wind-a,wind,1250.0,1250.0,32866551.304284982,3001451.504339517,2030,energy_only,108
2028,wind-b,wind,500.0,500.0,10134635.865245366,1797279.3204459394,2030,energy_only,108
2029,gas-a,gas,1250.0,1250.0,35277410.16058709,3873812.0085113114,2031,energy_only,108
2029,peaker-a,peaker,1600.0,1600.0,19771373.22744728,2716130.581456321,2030,energy_only,108
2029,solar-a,solar,2000.0,2000.0,1954502.2049150183,246986.15888479372,2030,energy_only,108
2029,wind-a,wind,1250.0,1250.0,24326612.16936768,2263811.4033055836,2031,energy_only,108
2029,wind-b,wind,500.0,500.0,4586720.62490432,956875.0212306761,2031,energy_only,108
2030,gas-a,gas,0.0,0.0,21816464.683122236,2440248.500941688,2032,energy_only,108
2030,peaker-a,peaker,1600.0,1600.0,7561927.217501086,1086452.2325825284,2031,energy_only,108
2030,solar-a,solar,2000.0,2000.0,1438732.4047601633,199293.8384989236,2031,energy_only,108
2030,wind-a,wind,0.0,0.0,17715164.170235444,1692745.3695770279,2032,energy_only,108
2030,wind-b,wind,0.0,0.0,2091012.948403114,578822.4789594616,2032,energy_only,108
2031,gas-a,gas,0.0,0.0,13381332.923596269,1541924.0041786751,2033,energy_only,108
2031,peaker-a,peaker,0.0,0.0,2678148.813522607,434580.89303301135,2032,energy_only,108
2031,solar-a,solar,0.0,0.0,1169156.3399428888,174366.61699861972,2032,energy_only,108
2031,wind-a,wind,0.0,0.0,12856465.449595626,1273073.641410677,2033,energy_only,108
2031,wind-b,wind,0.0,0.0,446394.1582315392,329693.81675851706,2033,energy_only,108
2026,gas-a,gas,1250.0,1250.0,47623920.54571149,5117637.797885386,2028,stylised_capacity_payment,108
2026,peaker-a,peaker,1600.0,1600.0,61042488.96741895,8148164.4095942555,2027,stylised_capacity_payment,108
2026,solar-a,solar,2000.0,2000.0,4036422.6780515043,433032.14230304246,2027,stylised_capacity_payment,108
2026,wind-a,wind,1250.0,1250.0,33245230.352377057,3022441.28385959,2028,stylised_capacity_payment,108
2026,wind-b,wind,500.0,500.0,29235049.7188802,4676568.507339902,2028,stylised_capacity_payment,108
2027,gas-a,gas,1250.0,1250.0,75671245.83110806,8104621.296287591,2029,stylised_capacity_payment,108
2027,peaker-a,peaker,1600.0,1600.0,92202576.39057834,12307314.610280652,2028,stylised_capacity_payment,108
2027,solar-a,solar,2000.0,2000.0,3986648.076032187,428429.5729671261,2028,stylised_capacity_payment,108
2027,wind-a,wind,1250.0,1250.0,44220581.54147754,3970440.9161882787,2029,stylised_capacity_payment,108
2027,wind-b,wind,500.0,500.0,28564802.009108488,4575038.647486328,2029,stylised_capacity_payment,108
2028,gas-a,gas,1250.0,1250.0,47782262.18590054,5134500.862778097,2030,stylised_capacity_payment,108
2028,peaker-a,peaker,1600.0,1600.0,39845828.82897953,5318901.061534854,2029,stylised_capacity_payment,108
2028,solar-a,solar,2000.0,2000.0,2665941.478411096,306306.1718479328,2029,stylised_capacity_payment,108
2028,wind-a,wind,1250.0,1250.0,33002223.716342077,3001451.504339517,2030,stylised_capacity_payment,108
2028,wind-b,wind,500.0,500.0,10227469.229068166,1797279.3204459394,2030,stylised_capacity_payment,108
2029,gas-a,gas,1250.0,1250.0,35944583.672373876,3873812.0085113114,2031,stylised_capacity_payment,108
2029,peaker-a,peaker,1600.0,1600.0,20346038.77853098,2716130.581456321,2030,stylised_capacity_payment,108
2029,solar-a,solar,2000.0,2000.0,2024423.7039845404,246986.15888479372,2030,stylised_capacity_payment,108
2029,wind-a,wind,1250.0,1250.0,24462284.581424773,2263811.4033055836,2031,stylised_capacity_payment,108
2029,wind-b,wind,500.0,500.0,4679553.98872712,956875.0212306761,2031,stylised_capacity_payment,108
2030,gas-a,gas,0.0,0.0,22483638.19490902,2440248.500941688,2032,stylised_capacity_payment,108
2030,peaker-a,peaker,1600.0,1600.0,8136592.768584788,1086452.2325825284,2031,stylised_capacity_payment,108
2030,solar-a,solar,2000.0,2000.0,1508653.9038296854,199293.8384989236,2031,stylised_capacity_payment,108
2030,wind-a,wind,0.0,0.0,17850836.582292534,1692745.3695770279,2032,stylised_capacity_payment,108
2030,wind-b,wind,0.0,0.0,2183846.312225914,578822.4789594616,2032,stylised_capacity_payment,108
2031,gas-a,gas,0.0,0.0,14048506.435383053,1541924.0041786751,2033,stylised_capacity_payment,108
2031,peaker-a,peaker,0.0,0.0,3252814.36460631,434580.89303301135,2032,stylised_capacity_payment,108
2031,solar-a,solar,0.0,0.0,1239077.8390124112,174366.61699861972,2032,stylised_capacity_payment,108
2031,wind-a,wind,0.0,0.0,12992137.86165272,1273073.641410677,2033,stylised_capacity_payment,108
2031,wind-b,wind,0.0,0.0,539227.5220543395,329693.81675851706,2033,stylised_capacity_payment,108
2026,gas-a,gas,1250.0,1250.0,55048610.22321855,5979404.885185284,2028,energy_only,109
2026,peaker-a,peaker,1600.0,1600.0,57791788.14941589,7790975.661491476,2027,energy_only,109
2026,solar-a,solar,2000.0,2000.0,1895936.964585892,241570.73478587682,2027,energy_only,109
2026,wind-a,wind,1250.0,1250.0,19108304.001254156,1813078.2887550276,2028,energy_only,109
2026,wind-b,wind,500.0,500.0,46739684.12301446,7342252.269044959,2028,energy_only,109
2027,gas-a,gas,1250.0,1250.0,83143889.12202044,8971495.346567841,2029,energy_only,109
2027,peaker-a,peaker,1600.0,1600.0,52853881.98474555,7131879.519145772,2028,energy_only,109
2027,solar-a,solar,2000.0,2000.0,2899121.0454194546,334333.3908676291,2028,energy_only,109
2027,wind-a,wind,1250.0,1250.0,30603018.38190312,2805938.0905807945,2029,energy_only,109
2027,wind-b,wind,500.0,500.0,34822482.02307215,5537021.39482688,2029,energy_only,109
2028,gas-a,gas,1250.0,1250.0,52336514.98943365,5690572.220145786,2030,energy_only,109
2028,peaker-a,peaker,1600.0,1600.0,22476284.026009794,3077173.5444590026,2029,energy_only,109
2028,solar-a,solar,2000.0,2000.0,2275893.5248007746,276704.6452960321,2029,energy_only,109
2028,wind-a,wind,1250.0,1250.0,22219706.10214782,2081826.6865833476,2030,energy_only,109
2028,wind-b,wind,500.0,500.0,11100118.216642624,1943531.6483529601,2030,energy_only,109
2029,gas-a,gas,1250.0,1250.0,38470503.39439995,4213869.989128264,2031,energy_only,109
2029,peaker-a,peaker,1600.0,1600.0,14635460.519750295,2030605.1501942321,2030,energy_only,109
2029,solar-a,solar,2000.0,2000.0,1612257.8165509552,215339.42614622627,2030,energy_only,109
2029,wind-a,wind,1250.0,1250.0,17180182.019036155,1646536.1072125586,2031,energy_only,109
2029,wind-b,wind,500.0,500.0,4258659.199739735,907179.9159215231,2031,energy_only,109
2030,gas-a,gas,0.0,0.0,23842818.86636286,2656051.129023642,2032,energy_only,109
2030,peaker-a,peaker,1600.0,1600.0,5507562.134422291,812242.0600776928,2031,energy_only,109
2030,solar-a,solar,2000.0,2000.0,1260221.536372776,182787.2545055703,2031,energy_only,109
2030,wind-a,wind,0.0,0.0,12435457.3707655,1236708.927693386,2032,energy_only,109
2030,wind-b,wind,0.0,0.0,2248306.0448740674,602649.410119092,2032,energy_only,109
2031,gas-a,gas,0.0,0.0,14815833.638305988,1694695.4331717666,2033,energy_only,109
2031,peaker-a,peaker,0.0,0.0,1856402.7802910893,324896.82403107715,2032,energy_only,109
2031,solar-a,solar,0.0,0.0,1373878.7365990619,193296.93461038749,2032,energy_only,109
2031,wind-a,wind,0.0,0.0,9668550.147317983,997716.3902044042,2033,energy_only,109
2031,wind-b,wind,0.0,0.0,1264491.2917629043,453620.0698483494,2033,energy_only,109
2026,gas-a,gas,1250.0,1250.0,55715783.735005334,5979404.885185284,2028,stylised_capacity_payment,109
2026,peaker-a,peaker,1600.0,1600.0,58366453.700499594,7790975.661491476,2027,stylised_capacity_payment,109
2026,solar-a,solar,2000.0,2000.0,1965858.463655414,241570.73478587682,2027,stylised_capacity_payment,109
2026,wind-a,wind,1250.0,1250.0,19243976.41331125,1813078.2887550276,2028,stylised_capacity_payment,109
2026,wind-b,wind,500.0,500.0,46832517.48683725,7342252.269044959,2028,stylised_capacity_payment,109
2027,gas-a,gas,1250.0,1250.0,83811062.63380723,8971495.346567841,2029,stylised_capacity_payment,109
2027,peaker-a,peaker,1600.0,1600.0,53428547.53582925,7131879.519145772,2028,stylised_capacity_payment,109
2027,solar-a,solar,2000.0,2000.0,2969042.544488977,334333.3908676291,2028,stylised_capacity_payment,109
2027,wind-a,wind,1250.0,1250.0,30738690.79396021,2805938.0905807945,2029,stylised_capacity_payment,109
2027,wind-b,wind,500.0,500.0,34915315.386894956,5537021.39482688,2029,stylised_capacity_payment,109
2028,gas-a,gas,1250.0,1250.0,53003688.501220435,5690572.220145786,2030,stylised_capacity_payment,109
2028,peaker-a,peaker,1600.0,1600.0,23050949.577093497,3077173.5444590026,2029,stylised_capacity_payment,109
2028,solar-a,solar,2000.0,2000.0,2345815.0238702972,276704.6452960321,2029,stylised_capacity_payment,109
2028,wind-a,wind,1250.0,1250.0,22355378.514204916,2081826.6865833476,2030,stylised_capacity_payment,109
2028,wind-b,wind,500.0,500.0,11192951.580465423,1943531.6483529601,2030,stylised_capacity_payment,109
2029,gas-a,gas,1250.0,1250.0,39137676.90618674,4213869.989128264,2031,stylised_capacity_payment,109
2029,peaker-a,peaker,1600.0,1600.0,15210126.070834,2030605.1501942321,2030,stylised_capacity_payment,109
2029,solar-a,solar,2000.0,2000.0,1682179.3156204773,215339.42614622627,2030,stylised_capacity_payment,109
2029,wind-a,wind,1250.0,1250.0,17315854.43109325,1646536.1072125586,2031,stylised_capacity_payment,109
2029,wind-b,wind,500.0,500.0,4351492.563562535,907179.9159215231,2031,stylised_capacity_payment,109
2030,gas-a,gas,0.0,0.0,24509992.378149644,2656051.129023642,2032,stylised_capacity_payment,109
2030,peaker-a,peaker,1600.0,1600.0,6082227.685505994,812242.0600776928,2031,stylised_capacity_payment,109
2030,solar-a,solar,2000.0,2000.0,1330143.0354422983,182787.2545055703,2031,stylised_capacity_payment,109
2030,wind-a,wind,0.0,0.0,12571129.782822594,1236708.927693386,2032,stylised_capacity_payment,109
2030,wind-b,wind,0.0,0.0,2341139.4086968675,602649.410119092,2032,stylised_capacity_payment,109
2031,gas-a,gas,0.0,0.0,15483007.150092773,1694695.4331717666,2033,stylised_capacity_payment,109
2031,peaker-a,peaker,0.0,0.0,2431068.331374792,324896.82403107715,2032,stylised_capacity_payment,109
2031,solar-a,solar,0.0,0.0,1443800.235668584,193296.93461038749,2032,stylised_capacity_payment,109
2031,wind-a,wind,0.0,0.0,9804222.559375077,997716.3902044042,2033,stylised_capacity_payment,109
2031,wind-b,wind,0.0,0.0,1357324.6555857044,453620.0698483494,2033,stylised_capacity_payment,109
2026,gas-a,gas,1250.0,1250.0,76152252.27023178,8226900.142190648,2028,energy_only,110
2026,peaker-a,peaker,1600.0,1600.0,61295791.45586987,8258678.97237539,2027,energy_only,110
2026,solar-a,solar,2000.0,2000.0,3254702.0353159904,367213.3355409674,2027,energy_only,110
2026,wind-a,wind,1250.0,1250.0,15849680.1675147,1531613.56447811,2028,energy_only,110
2026,wind-b,wind,500.0,500.0,35586264.64276195,5652720.025654149,2028,energy_only,110
2027,gas-a,gas,1250.0,1250.0,90031217.55151407,9704981.914632328,2029,energy_only,110
2027,peaker-a,peaker,1600.0,1600.0,82776955.63200757,11125917.022155603,2028,energy_only,110
2027,solar-a,solar,2000.0,2000.0,3721553.0230349675,410382.219938752,2028,energy_only,110
2027,wind-a,wind,1250.0,1250.0,29899920.005854383,2745207.733027678,2029,energy_only,110
2027,wind-b,wind,500.0,500.0,31939341.891482055,5100280.158369303,2029,energy_only,110
2028,gas-a,gas,1250.0,1250.0,56802034.98431613,6166141.081018377,2030,energy_only,110
2028,peaker-a,peaker,1600.0,1600.0,36089823.45373771,4894265.854694435,2029,energy_only,110
2028,solar-a,solar,2000.0,2000.0,2549116.672061563,301969.1060536897,2029,energy_only,110
2028,wind-a,wind,1250.0,1250.0,22777109.451916717,2129972.587478479,2030,energy_only,110
2028,wind-b,wind,500.0,500.0,9794988.546988865,1745829.1713152993,2030,energy_only,110
2029,gas-a,gas,1250.0,1250.0,37791522.63477435,4141559.9095004485,2031,energy_only,110
2029,peaker-a,peaker,1600.0,1600.0,18148598.35672318,2499527.709404537,2030,energy_only,110
2029,solar-a,solar,2000.0,2000.0,1706008.925675244,224008.42524532788,2030,energy_only,110
2029,wind-a,wind,1250.0,1250.0,17497054.389952555,1673906.0643053378,2031,energy_only,110
2029,wind-b,wind,500.0,500.0,5257980.076430153,1058558.1408373325,2031,energy_only,110
2030,gas-a,gas,0.0,0.0,23105023.997719195,2577477.465566618,2032,energy_only,110
2030,peaker-a,peaker,1600.0,1600.0,6912817.269211445,999811.0837618149,2031,energy_only,110
2030,solar-a,solar,2000.0,2000.0,1803372.1932206242,233011.43423925366,2031,energy_only,110
2030,wind-a,wind,0.0,0.0,13422621.423928263,1321975.553181941,2032,energy_only,110
2030,wind-b,wind,0.0,0.0,2783471.8021681732,683716.9073209979,2032,energy_only,110
2031,gas-a,gas,0.0,0.0,14270143.21815218,1636580.505503984,2033,energy_only,110
2031,peaker-a,peaker,0.0,0.0,2418504.834206751,399924.433504726,2032,energy_only,110
2031,solar-a,solar,0.0,0.0,1618270.4948182632,215895.4078617426,2032,energy_only,110
2031,wind-a,wind,0.0,0.0,9658696.430367623,996865.2721048496,2033,energy_only,110
2031,wind-b,wind,0.0,0.0,1992208.3958069533,563855.4567201763,2033,energy_only,110
2026,gas-a,gas,1250.0,1250.0,76819425.78201857,8226900.142190648,2028,stylised_capacity_payment,110
2026,peaker-a,peaker,1600.0,1600.0,61870457.006953575,8258678.97237539,2027,stylised_capacity_payment,110
2026,solar-a,solar,2000.0,2000.0,3324623.5343855126,367213.3355409674,2027,stylised_capacity_payment,110
2026,wind-a,wind,1250.0,1250.0,15985352.579571791,1531613.56447811,2028,stylised_capacity_payment,110
2026,wind-b,wind,500.0,500.0,35679098.006584756,5652720.025654149,2028,stylised_capacity_payment,110
2027,gas-a,gas,1250.0,1250.0,90698391.06330086,9704981.914632328,2029,stylised_capacity_payment,110
2027,peaker-a,peaker,1600.0,1600.0,83351621.18309127,11125917.022155603,2028,stylised_capacity_payment,110
2027,solar-a,solar,2000.0,2000.0,3791474.5221044896,410382.219938752,2028,stylised_capacity_payment,110
2027,wind-a,wind,1250.0,1250.0,30035592.417911477,2745207.733027678,2029,stylised_capacity_payment,110
2027,wind-b,wind,500.0,500.0,32032175.255304854,5100280.158369303,2029,stylised_capacity_payment,110
2028,gas-a,gas,1250.0,1250.0,57469208.496102914,6166141.081018377,2030,stylised_capacity_payment,110
2028,peaker-a,peaker,1600.0,1600.0,36664489.00482142,4894265.854694435,2029,stylised_capacity_payment,110
2028,solar-a,solar,2000.0,2000.0,2619038.171131085,301969.1060536897,2029,stylised_capacity_payment,110
2028,wind-a,wind,1250.0,1250.0,22912781.86397381,2129972.587478479,2030,stylised_capacity_payment,110
2028,wind-b,wind,500.0,500.0,9887821.910811666,1745829.1713152993,2030,stylised_capacity_payment,110
2029,gas-a,gas,1250.0,1250.0,38458696.14656113,4141559.9095004485,2031,stylised_capacity_payment,110
2029,peaker-a,peaker,1600.0,1600.0,18723263.90780688,2499527.709404537,2030,stylised_capacity_payment,110
2029,solar-a,solar,2000.0,2000.0,1775930.4247447662,224008.42524532788,2030,stylised_capacity_payment,110
2029,wind-a,wind,1250.0,1250.0,17632726.802009646,1673906.0643053378,2031,stylised_capacity_payment,110
2029,wind-b,wind,500.0,500.0,5350813.440252953,1058558.1408373325,2031,stylised_capacity_payment,110
2030,gas-a,gas,0.0,0.0,23772197.509505983,2577477.465566618,2032,stylised_capacity_payment,110
2030,peaker-a,peaker,1600.0,1600.0,7487482.8202951485,999811.0837618149,2031,stylised_capacity_payment,110
2030,solar-a,solar,2000.0,2000.0,1873293.6922901468,233011.43423925366,2031,stylised_capacity_payment,110
2030,wind-a,wind,0.0,0.0,13558293.835985355,1321975.553181941,2032,stylised_capacity_payment,110
2030,wind-b,wind,0.0,0.0,2876305.165990974,683716.9073209979,2032,stylised_capacity_payment,110
2031,gas-a,gas,0.0,0.0,14937316.729938965,1636580.505503984,2033,stylised_capacity_payment,110
2031,peaker-a,peaker,0.0,0.0,2993170.3852904537,399924.433504726,2032,stylised_capacity_payment,110
2031,solar-a,solar,0.0,0.0,1688191.9938877858,215895.4078617426,2032,stylised_capacity_payment,110
2031,wind-a,wind,0.0,0.0,9794368.842424717,996865.2721048496,2033,stylised_capacity_payment,110
2031,wind-b,wind,0.0,0.0,2085041.7596297534,563855.4567201763,2033,stylised_capacity_payment,110
2026,gas-a,gas,1250.0,1250.0,34636207.4070351,3805525.2102337205,2028,energy_only,111
2026,peaker-a,peaker,1600.0,1600.0,76455707.1886045,10282176.715046326,2027,energy_only,111
2026,solar-a,solar,2000.0,2000.0,2571336.799167121,304023.7618722639,2027,energy_only,111
2026,wind-a,wind,1250.0,1250.0,30305573.080030818,2780246.1530787977,2028,energy_only,111
2026,wind-b,wind,500.0,500.0,26638326.54644335,4297276.526701933,2028,energy_only,111
2027,gas-a,gas,1250.0,1250.0,52577463.34489024,5716232.733381632,2029,energy_only,111
2027,peaker-a,peaker,1600.0,1600.0,81855645.25683795,11002943.418784607,2028,energy_only,111
2027,solar-a,solar,2000.0,2000.0,4014008.0274097333,437425.0164788066,2028,energy_only,111
2027,wind-a,wind,1250.0,1250.0,36975796.8929855,3356388.967398104,2029,energy_only,111
2027,wind-b,wind,500.0,500.0,18870701.481433168,3120628.143204728,2029,energy_only,111
2028,gas-a,gas,1250.0,1250.0,35487465.09209086,3896182.4344886667,2030,energy_only,111
2028,peaker-a,peaker,1600.0,1600.0,35264740.11760631,4784136.333026168,2029,energy_only,111
2028,solar-a,solar,2000.0,2000.0,2680711.054274838,314137.40562379226,2029,energy_only,111
2028,wind-a,wind,1250.0,1250.0,27009598.181653548,2495555.2180926595,2030,energy_only,111
2028,wind-b,wind,500.0,500.0,7110071.152837003,1339114.933023447,2030,energy_only,111
2029,gas-a,gas,1250.0,1250.0,26050964.699143548,2891214.2006344562,2031,energy_only,111
2029,peaker-a,peaker,1600.0,1600.0,20094814.92622881,2759302.5593820857,2030,energy_only,111
2029,solar-a,solar,2000.0,2000.0,2467674.809593272,294438.3212025924,2030,energy_only,111
2029,wind-a,wind,1250.0,1250.0,19391917.39062443,1837575.4901852214,2031,energy_only,111
2029,wind-b,wind,500.0,500.0,2724562.2896520006,674793.229608102,2031,energy_only,111
2030,gas-a,gas,0.0,0.0,16074922.024605125,1828785.803452585,2032,energy_only,111
2030,peaker-a,peaker,1600.0,1600.0,7691303.897013698,1103721.0237528344,2031,energy_only,111
2030,solar-a,solar,2000.0,2000.0,1411136.4395685713,196742.08844903787,2031,energy_only,111
2030,wind-a,wind,0.0,0.0,14409807.831907377,1407244.1095752402,2032,energy_only,111
2030,wind-b,wind,0.0,0.0,2247198.329533365,602481.6121816138,2032,energy_only,111
2031,gas-a,gas,0.0,0.0,9820813.041181538,1162735.8275419816,2033,energy_only,111
2031,peaker-a,peaker,0.0,0.0,2729899.485327652,441488.4095011338,2032,energy_only,111
2031,solar-a,solar,0.0,0.0,1781345.496345433,230974.66457166424,2032,energy_only,111
2031,wind-a,wind,0.0,0.0,10627562.782096757,1080551.4275079675,2033,energy_only,111
2031,wind-b,wind,0.0,0.0,855389.4566090014,391648.8741494298,2033,energy_only,111
2026,gas-a,gas,1250.0,1250.0,35303380.918821886,3805525.2102337205,2028,stylised_capacity_payment,111
2026,peaker-a,peaker,1600.0,1600.0,77030372.7396882,10282176.715046326,2027,stylised_capacity_payment,111
2026,solar-a,solar,2000.0,2000.0,2641258.298236643,304023.7618722639,2027,stylised_capacity_payment,111
2026,wind-a,wind,1250.0,1250.0,30441245.49208791,2780246.1530787977,2028,stylised_capacity_payment,111
2026,wind-b,wind,500.0,500.0,26731159.91026615,4297276.526701933,2028,stylised_capacity_payment,111
2027,gas-a,gas,1250.0,1250.0,53244636.856677026,5716232.733381632,2029,stylised_capacity_payment,111
2027,peaker-a,peaker,1600.0,1600.0,82430310.80792165,11002943.418784607,2028,stylised_capacity_payment,111
2027,solar-a,solar,2000.0,2000.0,4083929.5264792554,437425.0164788066,2028,stylised_capacity_payment,111
2027,wind-a,wind,1250.0,1250.0,37111469.30504259,3356388.967398104,2029,stylised_capacity_payment,111
2027,wind-b,wind,500.0,500.0,18963534.845255967,3120628.143204728,2029,stylised_capacity_payment,111
2028,gas-a,gas,1250.0,1250.0,36154638.60387765,3896182.4344886667,2030,stylised_capacity_payment,111
2028,peaker-a,peaker,1600.0,1600.0,35839405.66869001,4784136.333026168,2029,stylised_capacity_payment,111
2028,solar-a,solar,2000.0,2000.0,2750632.55334436,314137.40562379226,2029,stylised_capacity_payment,111
2028,wind-a,wind,1250.0,1250.0,27145270.593710642,2495555.2180926595,2030,stylised_capacity_payment,111
2028,wind-b,wind,500.0,500.0,7202904.516659802,1339114.933023447,2030,stylised_capacity_payment,111
2029,gas-a,gas,1250.0,1250.0,26718138.210930336,2891214.2006344562,2031,stylised_capacity_payment,111
2029,peaker-a,peaker,1600.0,1600.0,20669480.477312513,2759302.5593820857,2030,stylised_capacity_payment,111
2029,solar-a,solar,2000.0,2000.0,2537596.3086627945,294438.3212025924,2030,stylised_capacity_payment,111
2029,wind-a,wind,1250.0,1250.0,19527589.802681524,1837575.4901852214,2031,stylised_capacity_payment,111
2029,wind-b,wind,500.0,500.0,2817395.653474801,674793.229608102,2031,stylised_capacity_payment,111
2030,gas-a,gas,0.0,0.0,16742095.53639191,1828785.803452585,2032,stylised_capacity_payment,111
2030,peaker-a,peaker,1600.0,1600.0,8265969.4480974,1103721.0237528344,2031,stylised_capacity_payment,111
2030,solar-a,solar,2000.0,2000.0,1481057.9386380936,196742.08844903787,2031,stylised_capacity_payment,111
2030,wind-a,wind,0.0,0.0,14545480.243964469,1407244.1095752402,2032,stylised_capacity_payment,111
2030,wind-b,wind,0.0,0.0,2340031.693356165,602481.6121816138,2032,stylised_capacity_payment,111
2031,gas-a,gas,0.0,0.0,10487986.552968325,1162735.8275419816,2033,stylised_capacity_payment,111
2031,peaker-a,peaker,0.0,0.0,3304565.036411355,441488.4095011338,2032,stylised_capacity_payment,111
2031,solar-a,solar,0.0,0.0,1851266.995414955,230974.66457166424,2032,stylised_capacity_payment,111
2031,wind-a,wind,0.0,0.0,10763235.19415385,1080551.4275079675,2033,stylised_capacity_payment,111
2031,wind-b,wind,0.0,0.0,948222.820431802,391648.8741494298,2033,stylised_capacity_payment,111
2026,gas-a,gas,1250.0,1250.0,67227235.26865841,7276403.856523819,2028,energy_only,112
2026,peaker-a,peaker,1600.0,1600.0,55169134.0129213,7440912.058331453,2027,energy_only,112
2026,solar-a,solar,2000.0,2000.0,5217120.344077048,548674.6826078751,2027,energy_only,112
2026,wind-a,wind,1250.0,1250.0,13131681.093435073,1296845.4847599813,2028,energy_only,112
2026,wind-b,wind,500.0,500.0,25416249.22970205,4112154.9113796866,2028,energy_only,112
2027,gas-a,gas,1250.0,1250.0,75297244.04540719,8135843.493024927,2029,energy_only,112
2027,peaker-a,peaker,1600.0,1600.0,57943806.01306693,7811266.526517812,2028,energy_only,112
2027,solar-a,solar,2000.0,2000.0,4193697.031137008,454040.54056146136,2028,energy_only,112
2027,wind-a,wind,1250.0,1250.0,26357705.807469644,2439247.796088894,2029,energy_only,112
2027,wind-b,wind,500.0,500.0,25305844.84598492,4095430.7339709518,2029,energy_only,112
2028,gas-a,gas,1250.0,1250.0,50037813.17427666,5445765.119299127,2030,energy_only,112
2028,peaker-a,peaker,1600.0,1600.0,24746472.44184229,3380191.134784759,2029,energy_only,112
2028,solar-a,solar,2000.0,2000.0,2636377.7134749605,310037.98008051905,2029,energy_only,112
2028,wind-a,wind,1250.0,1250.0,20208278.536715288,1908088.9574089511,2030,energy_only,112
2028,wind-b,wind,500.0,500.0,8102470.020316068,1489444.604374824,2030,energy_only,112
2029,gas-a,gas,1250.0,1250.0,35972642.17138582,3947852.8135679723,2031,energy_only,112
2029,peaker-a,peaker,1600.0,1600.0,15890604.888669875,2198137.8622495364,2030,energy_only,112
2029,solar-a,solar,2000.0,2000.0,1944848.2404031097,246093.47387617646,2030,energy_only,112
2029,wind-a,wind,1250.0,1250.0,14973940.555622784,1455971.262397274,2031,energy_only,112
2029,wind-b,wind,500.0,500.0,4130258.6737951217,887729.6631057067,2031,energy_only,112
2030,gas-a,gas,0.0,0.0,22247456.624904342,2486148.2723083994,2032,energy_only,112
2030,peaker-a,peaker,1600.0,1600.0,6009619.881990124,879255.1448998146,2031,energy_only,112
2030,solar-a,solar,2000.0,2000.0,1935117.187918255,245193.66067916484,2031,energy_only,112
2030,wind-a,wind,0.0,0.0,11546148.505118918,1159894.57677796,2032,energy_only,112
2030,wind-b,wind,0.0,0.0,1495870.76515857,488669.6868248206,2032,energy_only,112
2031,gas-a,gas,0.0,0.0,13175372.360293414,1519989.6201457146,2033,energy_only,112
2031,peaker-a,peaker,0.0,0.0,2057225.8793182224,351702.05795992585,2032,energy_only,112
2031,solar-a,solar,0.0,0.0,1916638.608957712,243484.9791941356,2032,energy_only,112
2031,wind-a,wind,0.0,0.0,8849663.08318708,926984.7459645594,2033,energy_only,112
2031,wind-b,wind,0.0,0.0,424411.7107690424,326363.8914524447,2033,energy_only,112
2026,gas-a,gas,1250.0,1250.0,67894408.7804452,7276403.856523819,2028,stylised_capacity_payment,112
2026,peaker-a,peaker,1600.0,1600.0,55743799.564005,7440912.058331453,2027,stylised_capacity_payment,112
2026,solar-a,solar,2000.0,2000.0,5287041.84314657,548674.6826078751,2027,stylised_capacity_payment,112
2026,wind-a,wind,1250.0,1250.0,13267353.505492168,1296845.4847599813,2028,stylised_capacity_payment,112
2026,wind-b,wind,500.0,500.0,25509082.59352485,4112154.9113796866,2028,stylised_capacity_payment,112
2027,gas-a,gas,1250.0,1250.0,75964417.55719398,8135843.493024927,2029,stylised_capacity_payment,112
2027,peaker-a,peaker,1600.0,1600.0,58518471.56415064,7811266.526517812,2028,stylised_capacity_payment,112
2027,solar-a,solar,2000.0,2000.0,4263618.53020653,454040.54056146136,2028,stylised_capacity_payment,112
2027,wind-a,wind,1250.0,1250.0,26493378.219526738,2439247.796088894,2029,stylised_capacity_payment,112
2027,wind-b,wind,500.0,500.0,25398678.20980772,4095430.7339709518,2029,stylised_capacity_payment,112
2028,gas-a,gas,1250.0,1250.0,50704986.68606344,5445765.119299127,2030,stylised_capacity_payment,112
2028,peaker-a,peaker,1600.0,1600.0,25321137.992925994,3380191.134784759,2029,stylised_capacity_payment,112
2028,solar-a,solar,2000.0,2000.0,2706299.2125444827,310037.98008051905,2029,stylised_capacity_payment,112
2028,wind-a,wind,1250.0,1250.0,20343950.948772382,1908088.9574089511,2030,stylised_capacity_payment,112
2028,wind-b,wind,500.0,500.0,8195303.384138867,1489444.604374824,2030,stylised_capacity_payment,112
2029,gas-a,gas,1250.0,1250.0,36639815.683172606,3947852.8135679723,2031,stylised_capacity_payment,112
2029,peaker-a,peaker,1600.0,1600.0,16465270.439753577,2198137.8622495364,2030,stylised_capacity_payment,112
2029,solar-a,solar,2000.0,2000.0,2014769.7394726318,246093.47387617646,2030,stylised_capacity_payment,112
2029,wind-a,wind,1250.0,1250.0,15109612.967679879,1455971.262397274,2031,stylised_capacity_payment,112
2029,wind-b,wind,500.0,500.0,4223092.037617922,887729.6631057067,2031,stylised_capacity_payment,112
2030,gas-a,gas,0.0,0.0,22914630.136691127,2486148.2723083994,2032,stylised_capacity_payment,112
2030,peaker-a,peaker,1600.0,1600.0,6584285.433073826,879255.1448998146,2031,stylised_capacity_payment,112
2030,solar-a,solar,2000.0,2000.0,2005038.6869877777,245193.66067916484,2031,stylised_capacity_payment,112
2030,wind-a,wind,0.0,0.0,11681820.91717601,1159894.57677796,2032,stylised_capacity_payment,112
2030,wind-b,wind,0.0,0.0,1588704.12898137,488669.6868248206,2032,stylised_capacity_payment,112
2031,gas-a,gas,0.0,0.0,13842545.8720802,1519989.6201457146,2033,stylised_capacity_payment,112
2031,peaker-a,peaker,0.0,0.0,2631891.4304019255,351702.05795992585,2032,stylised_capacity_payment,112
2031,solar-a,solar,0.0,0.0,1986560.1080272347,243484.9791941356,2032,stylised_capacity_payment,112
2031,wind-a,wind,0.0,0.0,8985335.495244175,926984.7459645594,2033,stylised_capacity_payment,112
2031,wind-b,wind,0.0,0.0,517245.0745918427,326363.8914524447,2033,stylised_capacity_payment,112
2026,gas-a,gas,1250.0,1250.0,56900792.75243588,6176658.583871539,2028,energy_only,113
2026,peaker-a,peaker,1600.0,1600.0,88736080.3565841,11921322.19729374,2027,energy_only,113
2026,solar-a,solar,2000.0,2000.0,5494308.057902619,574305.7398175584,2027,energy_only,113
2026,wind-a,wind,1250.0,1250.0,22667483.57540163,2120503.6157035055,2028,energy_only,113
2026,wind-b,wind,500.0,500.0,19599727.308945052,3231061.776946092,2028,energy_only,113
2027,gas-a,gas,1250.0,1250.0,83111030.9289041,8967996.01536149,2029,energy_only,113
2027,peaker-a,peaker,1600.0,1600.0,73868832.734793,9936888.87109362,2028,energy_only,113
2027,solar-a,solar,2000.0,2000.0,5410898.375420159,566592.9941332573,2028,energy_only,113
2027,wind-a,wind,1250.0,1250.0,22958929.22228567,2145677.3309978507,2029,energy_only,113
2027,wind-b,wind,500.0,500.0,23238103.38071735,3782206.983824093,2029,energy_only,113
2028,gas-a,gas,1250.0,1250.0,51042134.40027122,5552723.301536305,2030,energy_only,113
2028,peaker-a,peaker,1600.0,1600.0,32348492.049403723,4394884.737759421,2029,energy_only,113
2028,solar-a,solar,2000.0,2000.0,3072430.3048059237,350358.9912847448,2029,energy_only,113
2028,wind-a,wind,1250.0,1250.0,17953964.394511748,1713371.81887359,2030,energy_only,113
2028,wind-b,wind,500.0,500.0,8657369.70923546,1573501.419232075,2030,energy_only,113
2029,gas-a,gas,1250.0,1250.0,33921393.48309063,3729398.970974751,2031,energy_only,113
2029,peaker-a,peaker,1600.0,1600.0,18899299.613944057,2599728.9457561765,2030,energy_only,113
2029,solar-a,solar,2000.0,2000.0,1845713.615318288,236926.67058630008,2030,energy_only,113
2029,wind-a,wind,1250.0,1250.0,14447233.224240458,1410476.7403640163,2031,energy_only,113
2029,wind-b,wind,500.0,500.0,5221806.265903408,1053078.4922542719,2031,energy_only,113
2030,gas-a,gas,0.0,0.0,20695733.384887733,2320892.8811132144,2032,energy_only,113
2030,peaker-a,peaker,1600.0,1600.0,7213097.772099796,1039891.5783024706,2031,energy_only,113
2030,solar-a,solar,2000.0,2000.0,2034023.9141016896,254339.39056106488,2031,energy_only,113
2030,wind-a,wind,0.0,0.0,10471979.70342187,1067112.8870149003,2032,energy_only,113
2030,wind-b,wind,0.0,0.0,1977791.8339846814,561671.6200877704,2032,energy_only,113
2031,gas-a,gas,0.0,0.0,12875621.041090205,1488066.7100295597,2033,energy_only,113
2031,peaker-a,peaker,0.0,0.0,2538617.0353620914,415956.6313209883,2032,energy_only,113
2031,solar-a,solar,0.0,0.0,1708952.2477444285,224280.58902668965,2032,energy_only,113
2031,wind-a,wind,0.0,0.0,8557329.427721122,901734.3286317412,2033,energy_only,113
2031,wind-b,wind,0.0,0.0,1140259.4012802541,434801.2865147307,2033,energy_only,113
2026,gas-a,gas,1250.0,1250.0,57567966.26422266,6176658.583871539,2028,stylised_capacity_payment,113
2026,peaker-a,peaker,1600.0,1600.0,89310745.9076678,11921322.19729374,2027,stylised_capacity_payment,113
2026,solar-a,solar,2000.0,2000.0,5564229.556972141,574305.7398175584,2027,stylised_capacity_payment,113
2026,wind-a,wind,1250.0,1250.0,22803155.987458725,2120503.6157035055,2028,stylised_capacity_payment,113
2026,wind-b,wind,500.0,500.0,19692560.67276785,3231061.776946092,2028,stylised_capacity_payment,113
2027,gas-a,gas,1250.0,1250.0,83778204.44069088,8967996.01536149,2029,stylised_capacity_payment,113
2027,peaker-a,peaker,1600.0,1600.0,74443498.2858767,9936888.87109362,2028,stylised_capacity_payment,113
2027,solar-a,solar,2000.0,2000.0,5480819.874489681,566592.9941332573,2028,stylised_capacity_payment,113
2027,wind-a,wind,1250.0,1250.0,23094601.634342764,2145677.3309978507,2029,stylised_capacity_payment,113
2027,wind-b,wind,500.0,500.0,23330936.74454015,3782206.983824093,2029,stylised_capacity_payment,113
2028,gas-a,gas,1250.0,1250.0,51709307.91205801,5552723.301536305,2030,stylised_capacity_payment,113
2028,peaker-a,peaker,1600.0,1600.0,32923157.600487426,4394884.737759421,2029,stylised_capacity_payment,113
2028,solar-a,solar,2000.0,2000.0,3142351.8038754463,350358.9912847448,2029,stylised_capacity_payment,113
2028,wind-a,wind,1250.0,1250.0,18089636.806568842,1713371.81887359,2030,stylised_capacity_payment,113
2028,wind-b,wind,500.0,500.0,8750203.073058259,1573501.419232075,2030,stylised_capacity_payment,113
2029,gas-a,gas,1250.0,1250.0,34588566.99487742,3729398.970974751,2031,stylised_capacity_payment,113
2029,peaker-a,peaker,1600.0,1600.0,19473965.16502776,2599728.9457561765,2030,stylised_capacity_payment,113
2029,solar-a,solar,2000.0,2000.0,1915635.1143878107,236926.67058630008,2030,stylised_capacity_payment,113
2029,wind-a,wind,1250.0,1250.0,14582905.63629755,1410476.7403640163,2031,stylised_capacity_payment,113
2029,wind-b,wind,500.0,500.0,5314639.629726208,1053078.4922542719,2031,stylised_capacity_payment,113
2030,gas-a,gas,0.0,0.0,21362906.896674518,2320892.8811132144,2032,stylised_capacity_payment,113
2030,peaker-a,peaker,1600.0,1600.0,7787763.323183497,1039891.5783024706,2031,stylised_capacity_payment,113
2030,solar-a,solar,2000.0,2000.0,2103945.413171212,254339.39056106488,2031,stylised_capacity_payment,113
2030,wind-a,wind,0.0,0.0,10607652.115478965,1067112.8870149003,2032,stylised_capacity_payment,113
2030,wind-b,wind,0.0,0.0,2070625.197807482,561671.6200877704,2032,stylised_capacity_payment,113
2031,gas-a,gas,0.0,0.0,13542794.55287699,1488066.7100295597,2033,stylised_capacity_payment,113
2031,peaker-a,peaker,0.0,0.0,3113282.586445794,415956.6313209883,2032,stylised_capacity_payment,113
2031,solar-a,solar,0.0,0.0,1778873.746813951,224280.58902668965,2032,stylised_capacity_payment,113
2031,wind-a,wind,0.0,0.0,8693001.839778217,901734.3286317412,2033,stylised_capacity_payment,113
2031,wind-b,wind,0.0,0.0,1233092.7651030542,434801.2865147307,2033,stylised_capacity_payment,113
2026,gas-a,gas,1250.0,1250.0,60354397.50237458,6544460.514825773,2028,energy_only,114
2026,peaker-a,peaker,1600.0,1600.0,88413991.37669247,11878330.776019374,2027,energy_only,114
2026,solar-a,solar,2000.0,2000.0,3106022.702974205,353465.2208768814,2027,energy_only,114
2026,wind-a,wind,1250.0,1250.0,17937202.352220826,1711923.991860578,2028,energy_only,114
2026,wind-b,wind,500.0,500.0,37442893.38702424,5933964.188755087,2028,energy_only,114
2027,gas-a,gas,1250.0,1250.0,55489621.86806505,6026371.734692519,2029,energy_only,114
2027,peaker-a,peaker,1600.0,1600.0,74246466.51120587,9987294.236637818,2028,energy_only,114
2027,solar-a,solar,2000.0,2000.0,3744860.981833063,412537.4656282159,2028,energy_only,114
2027,wind-a,wind,1250.0,1250.0,33869046.337475196,3088042.34835911,2029,energy_only,114
2027,wind-b,wind,500.0,500.0,24634917.193108883,3993797.8755885004,2029,energy_only,114
2028,gas-a,gas,1250.0,1250.0,36191632.56509964,3971174.8482246017,2030,energy_only,114
2028,peaker-a,peaker,1600.0,1600.0,31018318.089690972,4217337.31254343,2029,energy_only,114
2028,solar-a,solar,2000.0,2000.0,2862908.7121751225,330984.9005169144,2029,energy_only,114
2028,wind-a,wind,1250.0,1250.0,24397080.219316915,2269898.104705092,2030,energy_only,114
2028,wind-b,wind,500.0,500.0,9559918.19757237,1710220.4563819556,2030,energy_only,114
2029,gas-a,gas,1250.0,1250.0,29207390.302746795,3227367.15268818,2031,energy_only,114
2029,peaker-a,peaker,1600.0,1600.0,17361253.73841998,2394435.4327766085,2030,energy_only,114
2029,solar-a,solar,2000.0,2000.0,1870421.417014298,239211.35727048136,2030,energy_only,114
2029,wind-a,wind,1250.0,1250.0,18076631.81089228,1723967.2580193498,2031,energy_only,114
2029,wind-b,wind,500.0,500.0,3650547.33488506,815062.4621595108,2031,energy_only,114
2030,gas-a,gas,0.0,0.0,18275541.488150354,2063147.3319401082,2032,energy_only,114
2030,peaker-a,peaker,1600.0,1600.0,6597879.421890166,957774.1731106434,2031,energy_only,114
2030,solar-a,solar,2000.0,2000.0,1778947.7694004267,230752.95100560287,2031,energy_only,114
2030,wind-a,wind,0.0,0.0,13989085.29859436,1370904.0599475596,2032,energy_only,114
2030,wind-b,wind,0.0,0.0,2441235.128841382,631874.5198379323,2032,energy_only,114
2031,gas-a,gas,0.0,0.0,11019973.805393854,1290444.0271006234,2033,energy_only,114
2031,peaker-a,peaker,0.0,0.0,2292529.695278239,383109.6692442574,2032,energy_only,114
2031,solar-a,solar,0.0,0.0,1807742.529146601,233415.55146580123,2032,energy_only,114
2031,wind-a,wind,0.0,0.0,10196420.052910265,1043311.3299741518,2033,energy_only,114
2031,wind-b,wind,0.0,0.0,2419634.070498335,628602.3677749205,2033,energy_only,114
2026,gas-a,gas,1250.0,1250.0,61021571.01416137,6544460.514825773,2028,stylised_capacity_payment,114
2026,peaker-a,peaker,1600.0,1600.0,88988656.92777617,11878330.776019374,2027,stylised_capacity_payment,114
2026,solar-a,solar,2000.0,2000.0,3175944.202043727,353465.2208768814,2027,stylised_capacity_payment,114
2026,wind-a,wind,1250.0,1250.0,18072874.76427792,1711923.991860578,2028,stylised_capacity_payment,114
2026,wind-b,wind,500.0,500.0,37535726.750847034,5933964.188755087,2028,stylised_capacity_payment,114
2027,gas-a,gas,1250.0,1250.0,56156795.37985183,6026371.734692519,2029,stylised_capacity_payment,114
2027,peaker-a,peaker,1600.0,1600.0,74821132.06228957,9987294.236637818,2028,stylised_capacity_payment,114
2027,solar-a,solar,2000.0,2000.0,3814782.480902585,412537.4656282159,2028,stylised_capacity_payment,114
2027,wind-a,wind,1250.0,1250.0,34004718.74953229,3088042.34835911,2029,stylised_capacity_payment,114
2027,wind-b,wind,500.0,500.0,24727750.556931686,3993797.8755885004,2029,stylised_capacity_payment,114
2028,gas-a,gas,1250.0,1250.0,36858806.07688642,3971174.8482246017,2030,stylised_capacity_payment,114
2028,peaker-a,peaker,1600.0,1600.0,31592983.640774675,4217337.31254343,2029,stylised_capacity_payment,114
2028,solar-a,solar,2000.0,2000.0,2932830.211244645,330984.9005169144,2029,stylised_capacity_payment,114
2028,wind-a,wind,1250.0,1250.0,24532752.63137401,2269898.104705092,2030,stylised_capacity_payment,114
2028,wind-b,wind,500.0,500.0,9652751.56139517,1710220.4563819556,2030,stylised_capacity_payment,114
2029,gas-a,gas,1250.0,1250.0,29874563.81453358,3227367.15268818,2031,stylised_capacity_payment,114
2029,peaker-a,peaker,1600.0,1600.0,17935919.289503682,2394435.4327766085,2030,stylised_capacity_payment,114
2029,solar-a,solar,2000.0,2000.0,1940342.9160838202,239211.35727048136,2030,stylised_capacity_payment,114
2029,wind-a,wind,1250.0,1250.0,18212304.222949374,1723967.2580193498,2031,stylised_capacity_payment,114
2029,wind-b,wind,500.0,500.0,3743380.69870786,815062.4621595108,2031,stylised_capacity_payment,114
2030,gas-a,gas,0.0,0.0,18942714.999937136,2063147.3319401082,2032,stylised_capacity_payment,114
2030,peaker-a,peaker,1600.0,1600.0,7172544.972973868,957774.1731106434,2031,stylised_capacity_payment,114
2030,solar-a,solar,2000.0,2000.0,1848869.2684699488,230752.95100560287,2031,stylised_capacity_payment,114
2030,wind-a,wind,0.0,0.0,14124757.710651452,1370904.0599475596,2032,stylised_capacity_payment,114
2030,wind-b,wind,0.0,0.0,2534068.492664182,631874.5198379323,2032,stylised_capacity_payment,114
2031,gas-a,gas,0.0,0.0,11687147.31718064,1290444.0271006234,2033,stylised_capacity_payment,114
2031,peaker-a,peaker,0.0,0.0,2867195.2463619416,383109.6692442574,2032,stylised_capacity_payment,114
2031,solar-a,solar,0.0,0.0,1877664.0282161236,233415.55146580123,2032,stylised_capacity_payment,114
2031,wind-a,wind,0.0,0.0,10332092.464967357,1043311.3299741518,2033,stylised_capacity_payment,114
2031,wind-b,wind,0.0,0.0,2512467.4343211353,628602.3677749205,2033,stylised_capacity_payment,114
2026,gas-a,gas,1250.0,1250.0,60337502.29409748,6542661.209265893,2028,energy_only,115
2026,peaker-a,peaker,1600.0,1600.0,75636991.64250585,10172897.14590974,2027,energy_only,115
2026,solar-a,solar,2000.0,2000.0,4923326.382151827,521508.07503340126,2027,energy_only,115
2026,wind-a,wind,1250.0,1250.0,15958173.6647272,1540984.7266118233,2028,energy_only,115
2026,wind-b,wind,500.0,500.0,31727515.247021418,5068192.425413578,2028,energy_only,115
2027,gas-a,gas,1250.0,1250.0,76079087.47198755,8219108.238941562,2029,energy_only,115
2027,peaker-a,peaker,1600.0,1600.0,82926726.41004503,11145907.9532808,2028,energy_only,115
2027,solar-a,solar,2000.0,2000.0,4144329.9645666825,449475.6553070791,2028,energy_only,115
2027,wind-a,wind,1250.0,1250.0,28281163.580488097,2605387.1050006747,2029,energy_only,115
2027,wind-b,wind,500.0,500.0,37795797.56769174,5987422.501976502,2029,energy_only,115
2028,gas-a,gas,1250.0,1250.0,47963572.01598333,5224862.62508679,2030,energy_only,115
2028,peaker-a,peaker,1600.0,1600.0,35691398.692073554,4841085.374006749,2029,energy_only,115
2028,solar-a,solar,2000.0,2000.0,2536054.7054628204,300761.28912507213,2029,energy_only,115
2028,wind-a,wind,1250.0,1250.0,22053604.23639055,2067479.5823354784,2030,energy_only,115
2028,wind-b,wind,500.0,500.0,11052035.816041932,1936248.0734548462,2030,energy_only,115
2029,gas-a,gas,1250.0,1250.0,35039446.21568861,3848469.3289725767,2031,energy_only,115
2029,peaker-a,peaker,1600.0,1600.0,16754869.46374835,2313497.1721278564,2030,energy_only,115
2029,solar-a,solar,2000.0,2000.0,2050782.1888839477,255888.9985640731,2030,energy_only,115
2029,wind-a,wind,1250.0,1250.0,16010501.67042942,1545504.575618155,2031,energy_only,115
2029,wind-b,wind,500.0,500.0,4149211.655793124,890600.6816530433,2031,energy_only,115
2030,gas-a,gas,0.0,0.0,21640328.934103064,2421490.3993956237,2032,energy_only,115
2030,peaker-a,peaker,1600.0,1600.0,6355325.712021514,925398.8688511426,2031,energy_only,115
2030,solar-a,solar,2000.0,2000.0,1496836.5625046159,204666.62710746092,2031,energy_only,115
2030,wind-a,wind,0.0,0.0,11608372.397328097,1165269.1862934115,2032,energy_only,115
2030,wind-b,wind,0.0,0.0,2678785.9086341932,667858.9730913214,2032,energy_only,115
2031,gas-a,gas,0.0,0.0,13406890.204842642,1544645.8030158244,2033,energy_only,115
2031,peaker-a,peaker,0.0,0.0,2195508.2113307784,370159.54754045705,2032,energy_only,115
2031,solar-a,solar,0.0,0.0,1394240.3081446923,195179.7330864178,2032,energy_only,115
2031,wind-a,wind,0.0,0.0,8869129.249584839,928666.1426023499,2033,energy_only,115
2031,wind-b,wind,0.0,0.0,1435604.30214627,479540.4567591282,2033,energy_only,115
2026,gas-a,gas,1250.0,1250.0,61004675.805884264,6542661.209265893,2028,stylised_capacity_payment,115
2026,peaker-a,peaker,1600.0,1600.0,76211657.19358957,10172897.14590974,2027,stylised_capacity_payment,115
2026,solar-a,solar,2000.0,2000.0,4993247.881221349,521508.07503340126,2027,stylised_capacity_payment,115
2026,wind-a,wind,1250.0,1250.0,16093846.076784294,1540984.7266118233,2028,stylised_capacity_payment,115
2026,wind-b,wind,500.0,500.0,31820348.61084422,5068192.425413578,2028,stylised_capacity_payment,115
2027,gas-a,gas,1250.0,1250.0,76746260.98377433,8219108.238941562,2029,stylised_capacity_payment,115
2027,peaker-a,peaker,1600.0,1600.0,83501391.96112873,11145907.9532808,2028,stylised_capacity_payment,115
2027,solar-a,solar,2000.0,2000.0,4214251.463636205,449475.6553070791,2028,stylised_capacity_payment,115
2027,wind-a,wind,1250.0,1250.0,28416835.99254519,2605387.1050006747,2029,stylised_capacity_payment,115
2027,wind-b,wind,500.0,500.0,37888630.93151454,5987422.501976502,2029,stylised_capacity_payment,115
2028,gas-a,gas,1250.0,1250.0,48630745.52777011,5224862.62508679,2030,stylised_capacity_payment,115
2028,peaker-a,peaker,1600.0,1600.0,36266064.24315726,4841085.374006749,2029,stylised_capacity_payment,115
2028,solar-a,solar,2000.0,2000.0,2605976.2045323425,300761.28912507213,2029,stylised_capacity_payment,115
2028,wind-a,wind,1250.0,1250.0,22189276.648447644,2067479.5823354784,2030,stylised_capacity_payment,115
2028,wind-b,wind,500.0,500.0,11144869.17986473,1936248.0734548462,2030,stylised_capacity_payment,115
2029,gas-a,gas,1250.0,1250.0,35706619.72747539,3848469.3289725767,2031,stylised_capacity_payment,115
2029,peaker-a,peaker,1600.0,1600.0,17329535.014832053,2313497.1721278564,2030,stylised_capacity_payment,115
2029,solar-a,solar,2000.0,2000.0,2120703.68795347,255888.9985640731,2030,stylised_capacity_payment,115
2029,wind-a,wind,1250.0,1250.0,16146174.082486514,1545504.575618155,2031,stylised_capacity_payment,115
2029,wind-b,wind,500.0,500.0,4242045.019615924,890600.6816530433,2031,stylised_capacity_payment,115
2030,gas-a,gas,0.0,0.0,22307502.44588985,2421490.3993956237,2032,stylised_capacity_payment,115
2030,peaker-a,peaker,1600.0,1600.0,6929991.263105216,925398.8688511426,2031,stylised_capacity_payment,115
2030,solar-a,solar,2000.0,2000.0,1566758.0615741382,204666.62710746092,2031,stylised_capacity_payment,115
2030,wind-a,wind,0.0,0.0,11744044.809385192,1165269.1862934115,2032,stylised_capacity_payment,115
2030,wind-b,wind,0.0,0.0,2771619.272456994,667858.9730913214,2032,stylised_capacity_payment,115
2031,gas-a,gas,0.0,0.0,14074063.716629429,1544645.8030158244,2033,stylised_capacity_payment,115
2031,peaker-a,peaker,0.0,0.0,2770173.762414481,370159.54754045705,2032,stylised_capacity_payment,115
2031,solar-a,solar,0.0,0.0,1464161.8072142147,195179.7330864178,2032,stylised_capacity_payment,115
2031,wind-a,wind,0.0,0.0,9004801.661641933,928666.1426023499,2033,stylised_capacity_payment,115
2031,wind-b,wind,0.0,0.0,1528437.66596907,479540.4567591282,2033,stylised_capacity_payment,115
2026,gas-a,gas,1250.0,1250.0,52703975.25705518,5729705.996523224,2028,energy_only,116
2026,peaker-a,peaker,1600.0,1600.0,71877684.72808546,9671116.714577174,2027,energy_only,116
2026,solar-a,solar,2000.0,2000.0,4512450.555172213,483515.11465992127,2027,energy_only,116
2026,wind-a,wind,1250.0,1250.0,28953231.014736306,2663437.154569941,2028,energy_only,116
2026,wind-b,wind,500.0,500.0,41445956.67708136,6540352.616345412,2028,energy_only,116
2027,gas-a,gas,1250.0,1250.0,83377281.72210918,8996351.187116645,2029,energy_only,116
2027,peaker-a,peaker,1600.0,1600.0,56564907.33499991,7627215.479557457,2028,energy_only,116
2027,solar-a,solar,2000.0,2000.0,4264813.601603949,460616.5639394012,2028,energy_only,116
2027,wind-a,wind,1250.0,1250.0,36779888.940309696,3339467.3524167663,2029,energy_only,116
2027,wind-b,wind,500.0,500.0,31201392.740595978,4988494.809794152,2029,energy_only,116
2028,gas-a,gas,1250.0,1250.0,52503924.52360175,5708400.997433711,2030,energy_only,116
2028,peaker-a,peaker,1600.0,1600.0,26572762.936359663,3623958.6304798475,2029,energy_only,116
2028,solar-a,solar,2000.0,2000.0,2639637.2326945155,310339.3820526319,2029,energy_only,116
2028,wind-a,wind,1250.0,1250.0,26188219.924231827,2424608.3961985363,2030,energy_only,116
2028,wind-b,wind,500.0,500.0,11188881.064119263,1956977.5420622828,2030,energy_only,116
2029,gas-a,gas,1250.0,1250.0,37153059.56111624,4073564.8815984875,2031,energy_only,116
2029,peaker-a,peaker,1600.0,1600.0,17308019.93929909,2387329.9531516577,2030,energy_only,116
2029,solar-a,solar,2000.0,2000.0,1923009.218108391,244074.05814481498,2030,energy_only,116
2029,wind-a,wind,1250.0,1250.0,19683543.653720126,1862764.806265299,2031,energy_only,116
2029,wind-b,wind,500.0,500.0,5901646.244295297,1156061.3995028392,2031,energy_only,116
2030,gas-a,gas,0.0,0.0,23074488.81842408,2574225.5306406603,2032,energy_only,116
2030,peaker-a,peaker,1600.0,1600.0,6576585.902241809,954931.9812606631,2031,energy_only,116
2030,solar-a,solar,2000.0,2000.0,1616638.1484894627,215744.4676863572,2031,energy_only,116
2030,wind-a,wind,0.0,0.0,14038989.122661266,1375214.5194537854,2032,energy_only,116
2030,wind-b,wind,0.0,0.0,2466956.8139549233,635770.868973784,2032,energy_only,116
2031,gas-a,gas,0.0,0.0,14190941.197846258,1628145.6502981265,2033,energy_only,116
2031,peaker-a,peaker,0.0,0.0,2284012.2874188973,381972.79250426526,2032,energy_only,116
2031,solar-a,solar,0.0,0.0,1369747.3205890597,192914.90988552538,2032,energy_only,116
2031,wind-a,wind,0.0,0.0,11211228.207222125,1130965.7239517393,2033,energy_only,116
2031,wind-b,wind,0.0,0.0,1341111.6153029385,465226.60068394867,2033,energy_only,116
2026,gas-a,gas,1250.0,1250.0,53371148.76884197,5729705.996523224,2028,stylised_capacity_payment,116
2026,peaker-a,peaker,1600.0,1600.0,72452350.27916916,9671116.714577174,2027,stylised_capacity_payment,116
2026,solar-a,solar,2000.0,2000.0,4582372.0542417355,483515.11465992127,2027,stylised_capacity_payment,116
2026,wind-a,wind,1250.0,1250.0,29088903.4267934,2663437.154569941,2028,stylised_capacity_payment,116
2026,wind-b,wind,500.0,500.0,41538790.040904164,6540352.616345412,2028,stylised_capacity_payment,116
2027,gas-a,gas,1250.0,1250.0,84044455.23389597,8996351.187116645,2029,stylised_capacity_payment,116
2027,peaker-a,peaker,1600.0,1600.0,57139572.88608362,7627215.479557457,2028,stylised_capacity_payment,116
2027,solar-a,solar,2000.0,2000.0,4334735.100673472,460616.5639394012,2028,stylised_capacity_payment,116
2027,wind-a,wind,1250.0,1250.0,36915561.35236679,3339467.3524167663,2029,stylised_capacity_payment,116
2027,wind-b,wind,500.0,500.0,31294226.104418777,4988494.809794152,2029,stylised_capacity_payment,116
2028,gas-a,gas,1250.0,1250.0,53171098.03538853,5708400.997433711,2030,stylised_capacity_payment,116
2028,peaker-a,peaker,1600.0,1600.0,27147428.487443365,3623958.6304798475,2029,stylised_capacity_payment,116
2028,solar-a,solar,2000.0,2000.0,2709558.7317640376,310339.3820526319,2029,stylised_capacity_payment,116
2028,wind-a,wind,1250.0,1250.0,26323892.33628892,2424608.3961985363,2030,stylised_capacity_payment,116
2028,wind-b,wind,500.0,500.0,11281714.427942062,1956977.5420622828,2030,stylised_capacity_payment,116
2029,gas-a,gas,1250.0,1250.0,37820233.07290303,4073564.8815984875,2031,stylised_capacity_payment,116
2029,peaker-a,peaker,1600.0,1600.0,17882685.490382794,2387329.9531516577,2030,stylised_capacity_payment,116
2029,solar-a,solar,2000.0,2000.0,1992930.717177913,244074.05814481498,2030,stylised_capacity_payment,116
2029,wind-a,wind,1250.0,1250.0,19819216.06577722,1862764.806265299,2031,stylised_capacity_payment,116
2029,wind-b,wind,500.0,500.0,5994479.608118097,1156061.3995028392,2031,stylised_capacity_payment,116
2030,gas-a,gas,0.0,0.0,23741662.330210865,2574225.5306406603,2032,stylised_capacity_payment,116
2030,peaker-a,peaker,1600.0,1600.0,7151251.453325512,954931.9812606631,2031,stylised_capacity_payment,116
2030,solar-a,solar,2000.0,2000.0,1686559.6475589848,215744.4676863572,2031,stylised_capacity_payment,116
2030,wind-a,wind,0.0,0.0,14174661.53471836,1375214.5194537854,2032,stylised_capacity_payment,116
2030,wind-b,wind,0.0,0.0,2559790.1777777234,635770.868973784,2032,stylised_capacity_payment,116
2031,gas-a,gas,0.0,0.0,14858114.709633045,1628145.6502981265,2033,stylised_capacity_payment,116
2031,peaker-a,peaker,0.0,0.0,2858677.8385026,381972.79250426526,2032,stylised_capacity_payment,116
2031,solar-a,solar,0.0,0.0,1439668.819658582,192914.90988552538,2032,stylised_capacity_payment,116
2031,wind-a,wind,0.0,0.0,11346900.619279219,1130965.7239517393,2033,stylised_capacity_payment,116
2031,wind-b,wind,0.0,0.0,1433944.9791257386,465226.60068394867,2033,stylised_capacity_payment,116
2026,gas-a,gas,1250.0,1250.0,71693313.43421885,7752032.161446329,2028,energy_only,117
2026,peaker-a,peaker,1600.0,1600.0,63517962.88136473,8555287.406260503,2027,energy_only,117
2026,solar-a,solar,2000.0,2000.0,4225920.329586716,457020.1719262516,2027,energy_only,117
2026,wind-a,wind,1250.0,1250.0,26249162.18385853,2429872.304270723,2028,energy_only,117
2026,wind-b,wind,500.0,500.0,22126863.670495436,3613875.1709768926,2028,energy_only,117
2027,gas-a,gas,1250.0,1250.0,80450065.84950618,8684608.608501539,2029,energy_only,117
2027,peaker-a,peaker,1600.0,1600.0,76037627.52003767,10226372.759370316,2028,energy_only,117
2027,solar-a,solar,2000.0,2000.0,3901555.2832933366,427026.71029829886,2028,energy_only,117
2027,wind-a,wind,1250.0,1250.0,22200976.71046815,2080208.929108425,2029,energy_only,117
2027,wind-b,wind,500.0,500.0,25482620.84502027,4122208.9566278374,2029,energy_only,117
2028,gas-a,gas,1250.0,1250.0,49854564.6242115,5426249.518806707,2030,energy_only,117
2028,peaker-a,peaker,1600.0,1600.0,31667539.737436827,4303993.370655296,2029,energy_only,117
2028,solar-a,solar,2000.0,2000.0,2387417.4970732834,287017.06958828116,2029,energy_only,117
2028,wind-a,wind,1250.0,1250.0,17518075.154828902,1675721.7399070293,2030,energy_only,117
2028,wind-b,wind,500.0,500.0,9265265.869272932,1665586.1977912616,2030,energy_only,117
2029,gas-a,gas,1250.0,1250.0,37121350.799150005,4070187.962488228,2031,energy_only,117
2029,peaker-a,peaker,1600.0,1600.0,16267627.617962563,2248461.667151173,2030,energy_only,117
2029,solar-a,solar,2000.0,2000.0,2103038.1067152866,260721.01078061166,2030,energy_only,117
2029,wind-a,wind,1250.0,1250.0,15397628.800386209,1492567.4763440853,2031,energy_only,117
2029,wind-b,wind,500.0,500.0,4103288.7410221333,883644.2280422517,2031,energy_only,117
2030,gas-a,gas,0.0,0.0,22583516.45820635,2521937.9658472533,2032,energy_only,117
2030,peaker-a,peaker,1600.0,1600.0,6160428.973707198,899384.6668604693,2031,energy_only,117
2030,solar-a,solar,2000.0,2000.0,1927130.6381563805,244455.158560765,2031,energy_only,117
2030,wind-a,wind,0.0,0.0,12083157.10696431,1206278.874495225,2032,energy_only,117
2030,wind-b,wind,0.0,0.0,1871099.1292311577,545509.6918885475,2032,energy_only,117
2031,gas-a,gas,0.0,0.0,14038077.296672765,1611865.9535477078,2033,energy_only,117
2031,peaker-a,peaker,0.0,0.0,2117549.5160050527,359753.8667441877,2032,energy_only,117
2031,solar-a,solar,0.0,0.0,1472741.3408518455,202438.5846154665,2032,energy_only,117
2031,wind-a,wind,0.0,0.0,9309531.999106916,966706.0774919131,2033,energy_only,117
2031,wind-b,wind,0.0,0.0,1032306.5020819618,418448.4626757314,2033,energy_only,117
2026,gas-a,gas,1250.0,1250.0,72360486.94600564,7752032.161446329,2028,stylised_capacity_payment,117
2026,peaker-a,peaker,1600.0,1600.0,64092628.43244843,8555287.406260503,2027,stylised_capacity_payment,117
2026,solar-a,solar,2000.0,2000.0,4295841.828656239,457020.1719262516,2027,stylised_capacity_payment,117
2026,wind-a,wind,1250.0,1250.0,26384834.595915623,2429872.304270723,2028,stylised_capacity_payment,117
2026,wind-b,wind,500.0,500.0,22219697.03431824,3613875.1709768926,2028,stylised_capacity_payment,117
2027,gas-a,gas,1250.0,1250.0,81117239.36129296,8684608.608501539,2029,stylised_capacity_payment,117
2027,peaker-a,peaker,1600.0,1600.0,76612293.07112138,10226372.759370316,2028,stylised_capacity_payment,117
2027,solar-a,solar,2000.0,2000.0,3971476.7823628588,427026.71029829886,2028,stylised_capacity_payment,117
2027,wind-a,wind,1250.0,1250.0,22336649.122525245,2080208.929108425,2029,stylised_capacity_payment,117
2027,wind-b,wind,500.0,500.0,25575454.20884307,4122208.9566278374,2029,stylised_capacity_payment,117
2028,gas-a,gas,1250.0,1250.0,50521738.13599829,5426249.518806707,2030,stylised_capacity_payment,117
2028,peaker-a,peaker,1600.0,1600.0,32242205.28852053,4303993.370655296,2029,stylised_capacity_payment,117
2028,solar-a,solar,2000.0,2000.0,2457338.9961428056,287017.06958828116,2029,stylised_capacity_payment,117
2028,wind-a,wind,1250.0,1250.0,17653747.566885997,1675721.7399070293,2030,stylised_capacity_payment,117
2028,wind-b,wind,500.0,500.0,9358099.233095732,1665586.1977912616,2030,stylised_capacity_payment,117
2029,gas-a,gas,1250.0,1250.0,37788524.310936786,4070187.962488228,2031,stylised_capacity_payment,117
2029,peaker-a,peaker,1600.0,1600.0,16842293.169046268,2248461.667151173,2030,stylised_capacity_payment,117
2029,solar-a,solar,2000.0,2000.0,2172959.6057848088,260721.01078061166,2030,stylised_capacity_payment,117
2029,wind-a,wind,1250.0,1250.0,15533301.212443303,1492567.4763440853,2031,stylised_capacity_payment,117
2029,wind-b,wind,500.0,500.0,4196122.104844933,883644.2280422517,2031,stylised_capacity_payment,117
2030,gas-a,gas,0.0,0.0,23250689.969993137,2521937.9658472533,2032,stylised_capacity_payment,117
2030,peaker-a,peaker,1600.0,1600.0,6735094.524790901,899384.6668604693,2031,stylised_capacity_payment,117
2030,solar-a,solar,2000.0,2000.0,1997052.1372259026,244455.158560765,2031,stylised_capacity_payment,117
2030,wind-a,wind,0.0,0.0,12218829.519021405,1206278.874495225,2032,stylised_capacity_payment,117
2030,wind-b,wind,0.0,0.0,1963932.4930539578,545509.6918885475,2032,stylised_capacity_payment,117
2031,gas-a,gas,0.0,0.0,14705250.808459552,1611865.9535477078,2033,stylised_capacity_payment,117
2031,peaker-a,peaker,0.0,0.0,2692215.0670887553,359753.8667441877,2032,stylised_capacity_payment,117
2031,solar-a,solar,0.0,0.0,1542662.8399213678,202438.5846154665,2032,stylised_capacity_payment,117
2031,wind-a,wind,0.0,0.0,9445204.41116401,966706.0774919131,2033,stylised_capacity_payment,117
2031,wind-b,wind,0.0,0.0,1125139.865904762,418448.4626757314,2033,stylised_capacity_payment,117
2026,gas-a,gas,1250.0,1250.0,52730795.97381577,5732562.348690998,2028,energy_only,118
2026,peaker-a,peaker,1600.0,1600.0,65927190.94097013,8876863.569752252,2027,energy_only,118
2026,solar-a,solar,2000.0,2000.0,4440528.798510415,476864.63713991287,2027,energy_only,118
2026,wind-a,wind,1250.0,1250.0,15636728.324763197,1513219.7777870176,2028,energy_only,118
2026,wind-b,wind,500.0,500.0,31863862.988367308,5088846.531154445,2028,energy_only,118
2027,gas-a,gas,1250.0,1250.0,60716652.58327235,6583039.949329548,2029,energy_only,118
2027,peaker-a,peaker,1600.0,1600.0,66128603.68617776,8903747.507793725,2028,energy_only,118
2027,solar-a,solar,2000.0,2000.0,3673780.0337085547,405964.73618522094,2028,energy_only,118
2027,wind-a,wind,1250.0,1250.0,30190390.654065352,2770297.232485311,2029,energy_only,118
2027,wind-b,wind,500.0,500.0,29243320.863183502,4691883.929371115,2029,energy_only,118
2028,gas-a,gas,1250.0,1250.0,39090894.54581579,4279940.393809551,2030,energy_only,118
2028,peaker-a,peaker,1600.0,1600.0,28354750.858220603,3861812.7584923413,2029,energy_only,118
2028,solar-a,solar,2000.0,2000.0,2438309.242474346,291722.9391950997,2029,energy_only,118
2028,wind-a,wind,1250.0,1250.0,23500916.565184996,2192491.6691399976,2030,energy_only,118
2028,wind-b,wind,500.0,500.0,9244324.439188184,1662413.9669419208,2030,energy_only,118
2029,gas-a,gas,1250.0,1250.0,29732799.29511891,3283322.149257667,2031,energy_only,118
2029,peaker-a,peaker,1600.0,1600.0,17220660.8106744,2375669.5321644843,2030,energy_only,118
2029,solar-a,solar,2000.0,2000.0,1787531.4093586905,231546.66499747208,2030,energy_only,118
2029,wind-a,wind,1250.0,1250.0,17413991.500378713,1666731.479417853,2031,energy_only,118
2029,wind-b,wind,500.0,500.0,3301470.331551034,762183.8939676394,2031,energy_only,118
2030,gas-a,gas,0.0,0.0,18109456.61478777,2045459.6283526807,2032,energy_only,118
2030,peaker-a,peaker,1600.0,1600.0,6541642.250791933,950267.8128657937,2031,energy_only,118
2030,solar-a,solar,2000.0,2000.0,999513.4011008646,158680.03475199488,2031,energy_only,118
2030,wind-a,wind,0.0,0.0,13265533.762476066,1308407.053847911,2032,energy_only,118
2030,wind-b,wind,0.0,0.0,1374678.453519552,470311.34223572677,2032,energy_only,118
2031,gas-a,gas,0.0,0.0,10947200.940107014,1282693.8639199503,2033,energy_only,118
2031,peaker-a,peaker,0.0,0.0,2270034.826838947,380107.1251463175,2032,energy_only,118
2031,solar-a,solar,0.0,0.0,1236999.369836851,180639.94187471666,2032,energy_only,118
2031,wind-a,wind,0.0,0.0,10747282.089393103,1090892.2227448698,2033,energy_only,118
2031,wind-b,wind,0.0,0.0,807551.9267519843,384402.39254074456,2033,energy_only,118
2026,gas-a,gas,1250.0,1250.0,53397969.48560255,5732562.348690998,2028,stylised_capacity_payment,118
2026,peaker-a,peaker,1600.0,1600.0,66501856.49205383,8876863.569752252,2027,stylised_capacity_payment,118
2026,solar-a,solar,2000.0,2000.0,4510450.297579937,476864.63713991287,2027,stylised_capacity_payment,118
2026,wind-a,wind,1250.0,1250.0,15772400.736820292,1513219.7777870176,2028,stylised_capacity_payment,118
2026,wind-b,wind,500.0,500.0,31956696.352190107,5088846.531154445,2028,stylised_capacity_payment,118
2027,gas-a,gas,1250.0,1250.0,61383826.09505914,6583039.949329548,2029,stylised_capacity_payment,118
2027,peaker-a,peaker,1600.0,1600.0,66703269.23726146,8903747.507793725,2028,stylised_capacity_payment,118
2027,solar-a,solar,2000.0,2000.0,3743701.532778077,405964.73618522094,2028,stylised_capacity_payment,118
2027,wind-a,wind,1250.0,1250.0,30326063.066122446,2770297.232485311,2029,stylised_capacity_payment,118
2027,wind-b,wind,500.0,500.0,29336154.227006305,4691883.929371115,2029,stylised_capacity_payment,118
2028,gas-a,gas,1250.0,1250.0,39758068.05760258,4279940.393809551,2030,stylised_capacity_payment,118
2028,peaker-a,peaker,1600.0,1600.0,28929416.409304306,3861812.7584923413,2029,stylised_capacity_payment,118
2028,solar-a,solar,2000.0,2000.0,2508230.7415438686,291722.9391950997,2029,stylised_capacity_payment,118
2028,wind-a,wind,1250.0,1250.0,23636588.97724209,2192491.6691399976,2030,stylised_capacity_payment,118
2028,wind-b,wind,500.0,500.0,9337157.803010983,1662413.9669419208,2030,stylised_capacity_payment,118
2029,gas-a,gas,1250.0,1250.0,30399972.806905694,3283322.149257667,2031,stylised_capacity_payment,118
2029,peaker-a,peaker,1600.0,1600.0,17795326.3617581,2375669.5321644843,2030,stylised_capacity_payment,118
2029,solar-a,solar,2000.0,2000.0,1857452.908428213,231546.66499747208,2030,stylised_capacity_payment,118
2029,wind-a,wind,1250.0,1250.0,17549663.912435807,1666731.479417853,2031,stylised_capacity_payment,118
2029,wind-b,wind,500.0,500.0,3394303.695373834,762183.8939676394,2031,stylised_capacity_payment,118
2030,gas-a,gas,0.0,0.0,18776630.126574557,2045459.6283526807,2032,stylised_capacity_payment,118
2030,peaker-a,peaker,1600.0,1600.0,7116307.801875636,950267.8128657937,2031,stylised_capacity_payment,118
2030,solar-a,solar,2000.0,2000.0,1069434.9001703868,158680.03475199488,2031,stylised_capacity_payment,118
2030,wind-a,wind,0.0,0.0,13401206.17453316,1308407.053847911,2032,stylised_capacity_payment,118
2030,wind-b,wind,0.0,0.0,1467511.8173423526,470311.34223572677,2032,stylised_capacity_payment,118
2031,gas-a,gas,0.0,0.0,11614374.451893799,1282693.8639199503,2033,stylised_capacity_payment,118
2031,peaker-a,peaker,0.0,0.0,2844700.3779226495,380107.1251463175,2032,stylised_capacity_payment,118
2031,solar-a,solar,0.0,0.0,1306920.8689063732,180639.94187471666,2032,stylised_capacity_payment,118
2031,wind-a,wind,0.0,0.0,10882954.501450196,1090892.2227448698,2033,stylised_capacity_payment,118
2031,wind-b,wind,0.0,0.0,900385.2905747844,384402.39254074456,2033,stylised_capacity_payment,118
2026,gas-a,gas,1250.0,1250.0,54936646.26394699,5967480.949645731,2028,energy_only,119
2026,peaker-a,peaker,1600.0,1600.0,85538507.95751081,11494520.317545788,2027,energy_only,119
2026,solar-a,solar,2000.0,2000.0,3564831.3665597923,395890.4457988659,2027,energy_only,119
2026,wind-a,wind,1250.0,1250.0,17730674.82124754,1694085.1072494998,2028,energy_only,119
2026,wind-b,wind,500.0,500.0,41971971.77102852,6620033.9610045515,2028,energy_only,119
2027,gas-a,gas,1250.0,1250.0,71736668.253377,7756649.362127103,2029,energy_only,119
2027,peaker-a,peaker,1600.0,1600.0,74554914.949496,10028464.96143695,2028,energy_only,119
2027,solar-a,solar,2000.0,2000.0,4767011.085149836,507053.87623464817,2028,energy_only,119
2027,wind-a,wind,1250.0,1250.0,35452236.55973688,3224790.9336892036,2029,energy_only,119
2027,wind-b,wind,500.0,500.0,34604278.048262596,5503967.616859546,2029,energy_only,119
2028,gas-a,gas,1250.0,1250.0,46030675.899247766,5019013.092339333,2030,energy_only,119
2028,peaker-a,peaker,1600.0,1600.0,33108657.095352985,4496349.170784881,2029,energy_only,119
2028,solar-a,solar,2000.0,2000.0,3241145.054482373,365959.74552234315,2029,energy_only,119
2028,wind-a,wind,1250.0,1250.0,24719100.339491565,2297712.7003629673,2030,energy_only,119
2028,wind-b,wind,500.0,500.0,11531417.441125773,2008865.3289882047,2030,energy_only,119
2029,gas-a,gas,1250.0,1250.0,31619727.780297183,3484276.222080689,2031,energy_only,119
2029,peaker-a,peaker,1600.0,1600.0,18181916.630627766,2503974.9275305616,2030,energy_only,119
2029,solar-a,solar,2000.0,2000.0,2260916.732538968,275319.7678280449,2030,energy_only,119
2029,wind-a,wind,1250.0,1250.0,18698312.8199706,1777665.1632505972,2031,energy_only,119
2029,wind-b,wind,500.0,500.0,5327286.253028739,1069056.7166540825,2031,energy_only,119
2030,gas-a,gas,0.0,0.0,19565301.926804237,2200504.2138513047,2032,energy_only,119
2030,peaker-a,peaker,1600.0,1600.0,6926144.57877328,1001589.9710122247,2031,energy_only,119
2030,solar-a,solar,2000.0,2000.0,1516901.0889995554,206521.9583534938,2031,energy_only,119
2030,wind-a,wind,0.0,0.0,13082477.976730611,1292595.5490867086,2032,energy_only,119
2030,wind-b,wind,0.0,0.0,1337198.0302521614,464633.76651840436,2032,energy_only,119
2031,gas-a,gas,0.0,0.0,11860120.196605984,1379917.9210016371,2033,energy_only,119
2031,peaker-a,peaker,0.0,0.0,2423835.7580314847,400635.9884048899,2032,energy_only,119
2031,solar-a,solar,0.0,0.0,1797239.3748841574,232444.34338421852,2032,energy_only,119
2031,wind-a,wind,0.0,0.0,10150822.953605458,1039372.865260682,2033,energy_only,119
2031,wind-b,wind,0.0,0.0,1503226.4563932251,489783.9350188727,2033,energy_only,119
2026,gas-a,gas,1250.0,1250.0,55603819.77573378,5967480.949645731,2028,stylised_capacity_payment,119
2026,peaker-a,peaker,1600.0,1600.0,86113173.50859453,11494520.317545788,2027,stylised_capacity_payment,119
2026,solar-a,solar,2000.0,2000.0,3634752.8656293144,395890.4457988659,2027,stylised_capacity_payment,119
2026,wind-a,wind,1250.0,1250.0,17866347.233304635,1694085.1072494998,2028,stylised_capacity_payment,119
2026,wind-b,wind,500.0,500.0,42064805.13485132,6620033.9610045515,2028,stylised_capacity_payment,119
2027,gas-a,gas,1250.0,1250.0,72403841.7651638,7756649.362127103,2029,stylised_capacity_payment,119
2027,peaker-a,peaker,1600.0,1600.0,75129580.5005797,10028464.96143695,2028,stylised_capacity_payment,119
2027,solar-a,solar,2000.0,2000.0,4836932.584219358,507053.87623464817,2028,stylised_capacity_payment,119
2027,wind-a,wind,1250.0,1250.0,35587908.97179397,3224790.9336892036,2029,stylised_capacity_payment,119
2027,wind-b,wind,500.0,500.0,34697111.41208539,5503967.616859546,2029,stylised_capacity_payment,119
2028,gas-a,gas,1250.0,1250.0,46697849.41103455,5019013.092339333,2030,stylised_capacity_payment,119
2028,peaker-a,peaker,1600.0,1600.0,33683322.64643669,4496349.170784881,2029,stylised_capacity_payment,119
2028,solar-a,solar,2000.0,2000.0,3311066.553551895,365959.74552234315,2029,stylised_capacity_payment,119
2028,wind-a,wind,1250.0,1250.0,24854772.75154866,2297712.7003629673,2030,stylised_capacity_payment,119
2028,wind-b,wind,500.0,500.0,11624250.804948572,2008865.3289882047,2030,stylised_capacity_payment,119
2029,gas-a,gas,1250.0,1250.0,32286901.292083967,3484276.222080689,2031,stylised_capacity_payment,119
2029,peaker-a,peaker,1600.0,1600.0,18756582.18171147,2503974.9275305616,2030,stylised_capacity_payment,119
2029,solar-a,solar,2000.0,2000.0,2330838.23160849,275319.7678280449,2030,stylised_capacity_payment,119
2029,wind-a,wind,1250.0,1250.0,18833985.232027695,1777665.1632505972,2031,stylised_capacity_payment,119
2029,wind-b,wind,500.0,500.0,5420119.616851539,1069056.7166540825,2031,stylised_capacity_payment,119
2030,gas-a,gas,0.0,0.0,20232475.43859102,2200504.2138513047,2032,stylised_capacity_payment,119
2030,peaker-a,peaker,1600.0,1600.0,7500810.129856982,1001589.9710122247,2031,stylised_capacity_payment,119
2030,solar-a,solar,2000.0,2000.0,1586822.5880690776,206521.9583534938,2031,stylised_capacity_payment,119
2030,wind-a,wind,0.0,0.0,13218150.388787705,1292595.5490867086,2032,stylised_capacity_payment,119
2030,wind-b,wind,0.0,0.0,1430031.3940749615,464633.76651840436,2032,stylised_capacity_payment,119
2031,gas-a,gas,0.0,0.0,12527293.70839277,1379917.9210016371,2033,stylised_capacity_payment,119
2031,peaker-a,peaker,0.0,0.0,2998501.3091151873,400635.9884048899,2032,stylised_capacity_payment,119
2031,solar-a,solar,0.0,0.0,1867160.8739536796,232444.34338421852,2032,stylised_capacity_payment,119
2031,wind-a,wind,0.0,0.0,10286495.365662554,1039372.865260682,2033,stylised_capacity_payment,119
2031,wind-b,wind,0.0,0.0,1596059.8202160252,489783.9350188727,2033,stylised_capacity_payment,119
2026,gas-a,gas,1250.0,1250.0,95890245.21804747,10328956.528201964,2028,energy_only,120
2026,peaker-a,peaker,1600.0,1600.0,47122989.430810966,6366938.0543765295,2027,energy_only,120
2026,solar-a,solar,2000.0,2000.0,4104811.837177038,445821.48402378435,2027,energy_only,120
2026,wind-a,wind,1250.0,1250.0,16316144.78519531,1571904.601952584,2028,energy_only,120
2026,wind-b,wind,500.0,500.0,32828326.23285123,5234944.48362597,2028,energy_only,120
2027,gas-a,gas,1250.0,1250.0,87128697.52508035,9395869.393758418,2029,energy_only,120
2027,peaker-a,peaker,1600.0,1600.0,77557292.25791709,10429212.816065071,2028,energy_only,120
2027,solar-a,solar,2000.0,2000.0,4666058.449216076,497718.9646998794,2028,energy_only,120
2027,wind-a,wind,1250.0,1250.0,23387123.405800857,2182662.7469124505,2029,energy_only,120
2027,wind-b,wind,500.0,500.0,24287666.39791405,3941195.943413033,2029,energy_only,120
2028,gas-a,gas,1250.0,1250.0,56988148.77233827,6185961.82356657,2030,energy_only,120
2028,peaker-a,peaker,1600.0,1600.0,34058385.00485238,4623115.8570187595,2029,energy_only,120
2028,solar-a,solar,2000.0,2000.0,3197214.260639631,361897.542783593,2029,energy_only,120
2028,wind-a,wind,1250.0,1250.0,18480468.244415816,1758848.765126059,2030,energy_only,120
2028,wind-b,wind,500.0,500.0,8075924.24124426,1485423.4205802795,2030,energy_only,120
2029,gas-a,gas,1250.0,1250.0,39179416.82981815,4289367.838275837,2031,energy_only,120
2029,peaker-a,peaker,1600.0,1600.0,18989516.456399724,2611770.8053732296,2030,energy_only,120
2029,solar-a,solar,2000.0,2000.0,2303428.970867666,279250.7992495899,2030,energy_only,120
2029,wind-a,wind,1250.0,1250.0,14442424.133631708,1410061.3535531182,2031,energy_only,120
2029,wind-b,wind,500.0,500.0,3763137.895028257,832117.8039764452,2031,energy_only,120
2030,gas-a,gas,0.0,0.0,23894402.956971355,2661544.730494007,2032,energy_only,120
2030,peaker-a,peaker,1600.0,1600.0,7249184.509082063,1044708.3221492919,2031,energy_only,120
2030,solar-a,solar,2000.0,2000.0,1983086.5169952442,249629.29962186387,2031,energy_only,120
2030,wind-a,wind,0.0,0.0,11341884.617825752,1142251.215147377,2032,energy_only,120
2030,wind-b,wind,0.0,0.0,2036281.7798771793,570531.7413872987,2032,energy_only,120
2031,gas-a,gas,0.0,0.0,14526525.750957657,1663884.7274565585,2033,energy_only,120
2031,peaker-a,peaker,0.0,0.0,2553051.7301549986,417883.32885971677,2032,energy_only,120
2031,solar-a,solar,0.0,0.0,1517389.1674658475,206567.09010525758,2032,energy_only,120
2031,wind-a,wind,0.0,0.0,8898224.434590697,931179.2489451774,2033,energy_only,120
2031,wind-b,wind,0.0,0.0,1689292.704372041,517969.4547981254,2033,energy_only,120
2026,gas-a,gas,1250.0,1250.0,96557418.72983424,10328956.528201964,2028,stylised_capacity_payment,120
2026,peaker-a,peaker,1600.0,1600.0,47697654.981894664,6366938.0543765295,2027,stylised_capacity_payment,120
2026,solar-a,solar,2000.0,2000.0,4174733.3362465603,445821.48402378435,2027,stylised_capacity_payment,120
2026,wind-a,wind,1250.0,1250.0,16451817.1972524,1571904.601952584,2028,stylised_capacity_payment,120
2026,wind-b,wind,500.0,500.0,32921159.596674033,5234944.48362597,2028,stylised_capacity_payment,120
2027,gas-a,gas,1250.0,1250.0,87795871.03686714,9395869.393758418,2029,stylised_capacity_payment,120
2027,peaker-a,peaker,1600.0,1600.0,78131957.80900079,10429212.816065071,2028,stylised_capacity_payment,120
2027,solar-a,solar,2000.0,2000.0,4735979.948285599,497718.9646998794,2028,stylised_capacity_payment,120
2027,wind-a,wind,1250.0,1250.0,23522795.81785795,2182662.7469124505,2029,stylised_capacity_payment,120
2027,wind-b,wind,500.0,500.0,24380499.761736847,3941195.943413033,2029,stylised_capacity_payment,120
2028,gas-a,gas,1250.0,1250.0,57655322.28412505,6185961.82356657,2030,stylised_capacity_payment,120
2028,peaker-a,peaker,1600.0,1600.0,34633050.55593608,4623115.8570187595,2029,stylised_capacity_payment,120
2028,solar-a,solar,2000.0,2000.0,3267135.7597091533,361897.542783593,2029,stylised_capacity_payment,120
2028,wind-a,wind,1250.0,1250.0,18616140.65647291,1758848.765126059,2030,stylised_capacity_payment,120
2028,wind-b,wind,500.0,500.0,8168757.605067059,1485423.4205802795,2030,stylised_capacity_payment,120
2029,gas-a,gas,1250.0,1250.0,39846590.34160493,4289367.838275837,2031,stylised_capacity_payment,120
2029,peaker-a,peaker,1600.0,1600.0,19564182.007483426,2611770.8053732296,2030,stylised_capacity_payment,120
2029,solar-a,solar,2000.0,2000.0,2373350.469937188,279250.7992495899,2030,stylised_capacity_payment,120
2029,wind-a,wind,1250.0,1250.0,14578096.545688802,1410061.3535531182,2031,stylised_capacity_payment,120
2029,wind-b,wind,500.0,500.0,3855971.258851057,832117.8039764452,2031,stylised_capacity_payment,120
2030,gas-a,gas,0.0,0.0,24561576.46875814,2661544.730494007,2032,stylised_capacity_payment,120
2030,peaker-a,peaker,1600.0,1600.0,7823850.060165766,1044708.3221492919,2031,stylised_capacity_payment,120
2030,solar-a,solar,2000.0,2000.0,2053008.0160647663,249629.29962186387,2031,stylised_capacity_payment,120
2030,wind-a,wind,0.0,0.0,11477557.029882846,1142251.215147377,2032,stylised_capacity_payment,120
2030,wind-b,wind,0.0,0.0,2129115.1436999794,570531.7413872987,2032,stylised_capacity_payment,120
2031,gas-a,gas,0.0,0.0,15193699.262744443,1663884.7274565585,2033,stylised_capacity_payment,120
2031,peaker-a,peaker,0.0,0.0,3127717.281238701,417883.32885971677,2032,stylised_capacity_payment,120
2031,solar-a,solar,0.0,0.0,1587310.6665353696,206567.09010525758,2032,stylised_capacity_payment,120
2031,wind-a,wind,0.0,0.0,9033896.846647792,931179.2489451774,2033,stylised_capacity_payment,120
2031,wind-b,wind,0.0,0.0,1782126.068194841,517969.4547981254,2033,stylised_capacity_payment,120
